Frame,Tipo_objeto,Confianza,ID_Tracking,x1,y1,x2,y2,Matrícula,Confianza_Matrícula,mx1,my1,mx2,my2,Texto_Matrícula
2,bus,0.93,1,1402,56,1918,471,Not detected,0.50,482,354,516,369,Not detected
3,bus,0.94,1,1395,63,1918,467,Not detected,0.27,474,346,523,361,Not detected
4,bus,0.90,1,1389,67,1918,466,Not detected,0.05,465,339,528,357,Not detected
5,bus,0.93,1,1390,72,1918,464,Not detected,0.37,446,333,512,349,Not detected
6,bus,0.93,1,1392,76,1918,462,Not detected,0.64,429,327,496,344,Not detected
7,bus,0.93,1,1391,79,1918,461,Not detected,0.08,417,323,480,340,Not detected
8,bus,0.94,1,1388,84,1918,458,Not detected,0.04,406,317,467,334,Not detected
9,bus,0.94,1,1386,88,1918,457,Not detected,0.10,395,311,456,328,Not detected
10,bus,0.94,1,1383,92,1918,457,Not detected,0.22,386,306,446,322,Not detected
11,bus,0.94,1,1382,96,1918,456,Not detected,0.11,375,301,433,317,Not detected
12,bus,0.93,1,1382,97,1918,455,Not detected,0.19,364,298,420,315,Not detected
13,bus,0.93,1,1382,101,1915,453,Not detected,0.14,351,294,410,309,Not detected
14,bus,0.93,1,1381,104,1903,451,Not detected,0.13,342,290,397,305,Not detected
15,bus,0.92,1,1380,107,1889,451,Not detected,0.25,334,285,386,301,Not detected
16,bus,0.92,1,1378,111,1872,450,Not detected,0.10,325,280,379,295,Not detected
17,bus,0.92,1,1376,114,1866,449,Not detected,0.04,318,277,370,292,Not detected
18,bus,0.91,1,1376,117,1858,450,Not detected,0.06,307,273,360,287,Not detected
19,bus,0.92,1,1375,121,1840,448,Not detected,0.15,301,267,351,282,Not detected
20,bus,0.93,1,1374,125,1826,446,Not detected,0.72,293,263,344,276,Not detected
21,bus,0.92,1,1372,127,1816,444,Not detected,0.40,287,260,336,274,Not detected
22,bus,0.92,1,1371,132,1809,442,Not detected,0.09,279,254,328,268,Not detected
23,bus,0.91,1,1369,135,1808,442,Not detected,0.06,273,250,321,264,Not detected
24,bus,0.91,1,1369,140,1804,441,Not detected,0.23,264,244,313,259,Not detected
26,bus,0.90,1,1367,143,1771,441,Not detected,0.19,254,240,301,254,Not detected
27,bus,0.90,1,1366,145,1760,440,Not detected,0.02,248,238,293,251,Not detected
28,bus,0.90,1,1364,148,1745,437,Not detected,0.03,243,233,289,247,Not detected
29,bus,0.90,1,1363,150,1736,436,Not detected,0.03,239,230,282,243,Not detected
30,bus,0.90,1,1363,152,1731,437,Not detected,0.10,232,228,277,241,Not detected
31,bus,0.90,1,1361,153,1727,433,Not detected,0.13,228,225,273,239,Not detected
32,bus,0.89,1,1360,155,1726,430,Not detected,0.19,223,223,267,237,Not detected
33,bus,0.92,1,1360,158,1712,426,Not detected,0.16,218,219,262,231,Not detected
34,bus,0.93,1,1358,160,1701,426,Not detected,0.45,216,215,256,229,Not detected
35,bus,0.92,1,1355,161,1694,429,Not detected,0.18,212,213,253,227,Not detected
36,bus,0.91,1,1355,163,1691,429,Not detected,0.09,206,211,248,223,Not detected
37,bus,0.92,1,1355,166,1681,427,Not detected,0.12,201,206,242,220,Not detected
38,bus,0.92,1,1354,166,1674,425,Not detected,0.33,198,206,238,221,Not detected
40,bus,0.90,1,1351,167,1661,422,Not detected,0.03,191,204,230,217,Not detected
41,bus,0.91,1,1349,169,1655,421,Not detected,0.02,189,202,226,214,Not detected
45,bus,0.93,1,1343,178,1635,414,Not detected,0.08,177,191,214,204,Not detected
46,bus,0.92,1,1342,179,1630,412,Not detected,0.05,173,190,210,203,Not detected
409,car,0.92,12,1519,330,1869,496,Not detected,0.22,229,66,285,82,Not detected
410,car,0.93,12,1511,331,1844,491,Not detected,0.07,217,63,271,78,Not detected
411,car,0.91,12,1502,330,1821,487,Not detected,0.30,207,60,259,75,Not detected
412,car,0.88,12,1493,328,1800,483,Not detected,0.95,198,60,249,74,Not detected
415,car,0.87,12,1469,330,1742,471,Not detected,0.08,175,51,223,67,Not detected
416,car,0.85,12,1464,327,1725,468,Not detected,0.08,168,53,213,67,Not detected
417,car,0.87,12,1459,327,1708,465,Not detected,0.04,159,52,203,65,Not detected
418,car,0.87,12,1450,326,1695,461,Not detected,0.29,157,52,198,64,Not detected
419,car,0.87,12,1444,327,1683,458,Not detected,0.26,150,50,193,62,Not detected
422,car,0.88,12,1427,326,1643,449,Not detected,0.05,133,49,174,60,Not detected
423,car,0.88,12,1423,325,1630,447,Not detected,0.03,127,48,169,60,Not detected
424,car,0.87,12,1417,325,1620,443,Not detected,0.43,125,47,165,59,Not detected
425,car,0.88,12,1413,325,1610,441,Not detected,0.21,120,46,159,57,Not detected
426,car,0.86,12,1408,327,1600,437,Not detected,0.03,117,43,155,53,Not detected
427,car,0.83,12,1402,328,1591,435,Not detected,0.08,116,40,152,50,Not detected
428,car,0.82,12,1399,330,1583,433,Not detected,0.10,111,37,147,47,Not detected
429,car,0.82,12,1394,332,1576,429,Not detected,0.01,109,33,145,44,Not detected
430,car,0.72,12,1391,328,1570,427,Not detected,0.14,105,37,139,45,Not detected
431,car,0.79,12,1389,325,1557,423,Not detected,0.15,99,38,134,48,Not detected
433,car,0.76,12,1379,324,1536,420,Not detected,0.03,98,37,132,46,Not detected
436,car,0.83,12,1371,320,1508,413,Not detected,0.15,88,40,119,47,Not detected
437,car,0.83,12,1368,320,1499,412,Not detected,0.08,86,40,118,48,Not detected
438,car,0.80,12,1367,321,1496,412,Not detected,0.04,82,37,113,47,Not detected
446,car,0.54,12,1354,325,1465,409,Not detected,0.07,96,62,111,74,Not detected
447,car,0.42,12,1350,325,1462,403,Not detected,0.09,94,60,110,72,Not detected
455,car,0.36,12,1333,323,1430,394,Not detected,0.03,76,55,90,64,Not detected
456,car,0.47,12,1332,322,1424,395,Not detected,0.36,73,55,87,64,Not detected
640,car,0.90,16,1598,335,1919,520,Not detected,0.15,254,104,320,121,Not detected
641,car,0.89,16,1588,335,1918,515,Not detected,0.30,243,101,305,117,Not detected
642,car,0.88,16,1578,334,1918,511,Not detected,0.15,231,99,294,115,Not detected
644,car,0.89,16,1561,333,1895,501,Not detected,0.13,212,94,271,110,Not detected
645,car,0.89,16,1552,332,1875,497,Not detected,0.26,203,91,263,107,Not detected
646,car,0.91,16,1544,332,1856,492,Not detected,0.22,196,89,252,105,Not detected
647,car,0.92,16,1536,332,1836,488,Not detected,0.24,189,87,243,102,Not detected
648,car,0.90,16,1528,332,1818,484,Not detected,0.17,176,84,235,98,Not detected
649,car,0.90,16,1521,334,1800,482,Not detected,0.55,172,79,227,95,Not detected
650,car,0.89,16,1513,334,1785,477,Not detected,0.07,167,78,220,92,Not detected
651,car,0.89,16,1508,336,1769,475,Not detected,0.34,161,72,213,89,Not detected
652,car,0.88,16,1500,335,1755,472,Not detected,0.09,158,71,207,88,Not detected
653,car,0.89,16,1494,336,1740,468,Not detected,0.29,152,69,200,83,Not detected
654,car,0.87,16,1488,334,1727,465,Not detected,0.31,145,69,194,83,Not detected
655,car,0.87,16,1481,334,1713,463,Not detected,0.02,141,68,190,81,Not detected
656,car,0.88,16,1476,334,1701,460,Not detected,0.06,136,67,184,80,Not detected
657,car,0.88,16,1473,333,1691,458,Not detected,0.07,127,65,175,80,Not detected
658,car,0.88,16,1467,332,1680,456,Not detected,0.08,124,65,170,78,Not detected
659,car,0.88,16,1463,331,1669,452,Not detected,0.26,119,65,166,78,Not detected
660,car,0.87,16,1456,331,1659,450,Not detected,0.04,118,64,163,76,Not detected
661,car,0.89,16,1450,328,1648,446,Not detected,0.14,112,66,160,78,Not detected
662,car,0.84,16,1449,330,1640,444,Not detected,0.29,104,63,152,74,Not detected
663,car,0.89,16,1443,330,1631,440,Not detected,0.27,110,61,150,73,Not detected
664,car,0.92,16,1440,330,1623,440,Not detected,0.00,104,60,145,70,Not detected
665,car,0.89,16,1434,330,1614,437,Not detected,0.07,104,58,143,69,Not detected
666,car,0.91,16,1429,328,1604,435,Not detected,0.08,103,59,141,69,Not detected
667,car,0.90,16,1425,327,1597,434,Not detected,0.20,96,58,137,68,Not detected
668,car,0.87,16,1419,326,1590,432,Not detected,0.17,99,57,136,67,Not detected
669,car,0.89,16,1419,326,1583,429,Not detected,0.06,89,56,130,66,Not detected
670,car,0.88,16,1419,329,1577,427,Not detected,0.03,84,52,123,62,Not detected
671,car,0.85,16,1411,327,1570,426,Not detected,0.02,88,53,125,62,Not detected
672,car,0.82,16,1407,327,1565,424,Not detected,0.16,87,52,123,61,Not detected
673,car,0.81,16,1405,328,1560,422,Not detected,0.06,83,50,119,59,Not detected
674,car,0.79,16,1400,328,1552,422,Not detected,0.08,81,49,117,59,Not detected
679,car,0.83,16,1395,326,1524,413,Not detected,0.23,59,48,97,56,Not detected
680,car,0.81,16,1390,326,1518,411,Not detected,0.01,59,47,98,55,Not detected
682,car,0.87,16,1378,323,1510,409,Not detected,0.12,65,47,101,57,Not detected
711,car,0.81,13,1089,305,1182,381,Not detected,0.01,29,47,56,55,Not detected
718,car,0.80,13,1075,308,1175,385,Not detected,0.03,32,47,61,54,Not detected
720,car,0.75,13,1072,307,1172,386,Not detected,0.08,32,49,61,56,Not detected
723,car,0.74,13,1066,307,1170,388,Not detected,0.14,31,50,63,58,Not detected
724,car,0.75,13,1064,307,1168,388,Not detected,0.12,32,51,64,58,Not detected
725,car,0.72,13,1062,307,1167,389,Not detected,0.22,33,51,63,59,Not detected
726,car,0.73,13,1061,307,1166,390,Not detected,0.06,30,52,64,59,Not detected
727,car,0.71,13,1060,307,1165,390,Not detected,0.22,30,52,63,60,Not detected
728,car,0.79,13,1057,307,1166,392,Not detected,0.10,31,53,64,61,Not detected
730,car,0.81,13,1052,305,1167,394,Not detected,0.08,31,55,66,64,Not detected
731,car,0.74,13,1049,305,1166,395,Not detected,0.07,32,56,67,64,Not detected
732,car,0.78,13,1045,305,1165,395,Not detected,0.04,33,56,68,65,Not detected
734,car,0.67,13,1039,306,1163,397,Not detected,0.02,35,57,70,66,Not detected
735,car,0.66,13,1036,307,1161,398,Not detected,0.11,36,56,72,66,Not detected
736,car,0.69,13,1033,307,1159,399,Not detected,0.44,36,56,73,66,Not detected
737,car,0.76,13,1031,309,1157,400,Not detected,0.11,35,55,73,65,Not detected
738,car,0.75,13,1027,308,1157,402,Not detected,0.04,37,57,74,67,Not detected
739,car,0.71,13,1025,307,1156,404,Not detected,0.17,35,59,73,70,Not detected
740,car,0.80,13,1023,307,1156,405,Not detected,0.06,35,60,73,69,Not detected
741,car,0.82,13,1020,306,1155,405,Not detected,0.15,36,62,73,72,Not detected
742,car,0.84,13,1017,306,1153,407,Not detected,0.06,34,62,74,72,Not detected
743,car,0.83,13,1013,306,1150,407,Not detected,0.16,36,63,75,74,Not detected
744,car,0.78,13,1008,306,1148,409,Not detected,0.15,38,63,77,74,Not detected
745,car,0.86,13,1004,305,1146,410,Not detected,0.95,39,65,78,76,Not detected
746,car,0.84,13,999,305,1144,411,Not detected,0.18,40,66,79,76,Not detected
747,car,0.85,13,994,304,1142,413,Not detected,0.18,41,67,82,78,Not detected
748,car,0.81,13,991,303,1140,414,Not detected,0.15,41,69,85,80,Not detected
749,car,0.82,13,987,303,1139,415,Not detected,0.10,44,70,83,81,Not detected
750,car,0.87,13,983,302,1135,416,Not detected,0.09,42,72,84,82,Not detected
751,car,0.83,13,980,301,1133,418,Not detected,0.04,41,73,84,84,Not detected
752,car,0.87,13,975,298,1133,419,Not detected,0.18,41,77,85,88,Not detected
753,car,0.86,13,970,298,1132,421,Not detected,0.54,42,77,87,89,Not detected
754,car,0.91,13,965,299,1135,423,Not detected,0.05,41,76,89,90,Not detected
755,car,0.88,13,959,300,1136,425,Not detected,0.07,43,77,90,89,Not detected
756,car,0.84,13,954,299,1134,426,Not detected,0.36,43,79,91,91,Not detected
757,car,0.84,13,947,298,1130,428,Not detected,0.10,46,80,95,94,Not detected
758,car,0.84,13,945,299,1129,429,Not detected,0.03,45,80,93,95,Not detected
759,car,0.81,13,939,299,1129,429,Not detected,0.16,45,82,94,96,Not detected
760,car,0.75,13,933,298,1122,431,Not detected,0.29,45,84,97,99,Not detected
761,car,0.72,13,927,298,1117,433,Not detected,0.26,46,86,98,100,Not detected
762,car,0.58,13,922,296,1114,436,Not detected,0.38,46,89,98,103,Not detected
763,car,0.76,13,916,296,1112,439,Not detected,0.07,46,91,97,104,Not detected
764,car,0.79,13,908,295,1110,440,Not detected,0.06,48,93,101,106,Not detected
765,car,0.74,13,900,294,1107,442,Not detected,0.03,48,96,104,110,Not detected
766,car,0.64,13,894,295,1104,445,Not detected,0.21,47,96,104,110,Not detected
767,car,0.67,13,887,294,1101,449,Not detected,0.51,47,99,106,113,Not detected
768,car,0.67,13,879,294,1098,452,Not detected,0.39,48,101,106,115,Not detected
769,car,0.71,13,871,294,1093,455,Not detected,0.04,51,103,109,117,Not detected
770,car,0.77,13,862,294,1091,458,Not detected,0.55,50,105,111,119,Not detected
771,car,0.87,13,853,294,1088,460,Not detected,0.23,53,106,114,121,Not detected
772,car,0.64,13,842,294,1085,463,Not detected,0.07,56,107,118,124,Not detected
773,car,0.71,13,832,293,1082,466,Not detected,0.03,56,110,120,127,Not detected
774,car,0.88,13,823,293,1076,469,Not detected,0.03,55,112,120,129,Not detected
775,car,0.88,13,812,292,1073,474,Not detected,0.15,57,115,123,132,Not detected
776,car,0.89,13,801,292,1069,477,Not detected,0.68,57,117,125,135,Not detected
777,car,0.88,13,789,292,1064,481,Not detected,0.11,59,120,129,138,Not detected
778,car,0.87,13,777,291,1061,486,Not detected,0.14,59,123,131,142,Not detected
779,car,0.89,13,764,291,1056,489,Not detected,0.09,61,126,134,145,Not detected
780,car,0.88,13,750,290,1051,495,Not detected,0.26,63,130,138,151,Not detected
781,car,0.92,13,736,290,1046,499,Not detected,0.24,64,134,139,153,Not detected
782,car,0.92,13,721,290,1042,505,Not detected,0.19,63,137,143,158,Not detected
783,car,0.90,13,705,289,1037,511,Not detected,0.18,64,142,146,163,Not detected
784,car,0.93,13,688,288,1029,516,Not detected,0.23,65,148,149,168,Not detected
785,car,0.93,13,668,287,1024,521,3713EKC,0.34,67,152,155,173,3713EKC
786,car,0.93,13,648,287,1018,527,Not detected,0.17,69,156,160,179,Not detected
787,car,0.94,13,629,285,1012,534,Not detected,0.14,70,163,160,185,Not detected
788,car,0.92,13,606,285,1005,540,Not detected,0.23,71,167,166,190,Not detected
789,car,0.89,13,583,284,1000,548,Not detected,0.13,72,172,171,198,Not detected
790,car,0.92,13,557,284,994,557,Not detected,0.62,73,177,177,204,Not detected
791,car,0.92,13,528,284,983,565,Not detected,0.13,75,183,183,210,Not detected
792,car,0.93,13,500,283,975,574,Not detected,0.04,76,189,189,220,Not detected
793,car,0.88,13,468,282,965,587,Not detected,0.13,75,198,194,226,Not detected
794,car,0.93,13,431,280,955,599,Not detected,0.16,78,208,201,238,Not detected
795,car,0.93,13,395,279,945,612,Not detected,0.10,77,218,207,250,Not detected
796,car,0.93,13,351,278,934,623,Not detected,0.04,79,226,212,263,Not detected
797,car,0.94,13,304,277,922,641,Not detected,0.04,83,236,219,276,Not detected
798,car,0.87,13,250,275,910,655,Not detected,0.20,81,252,231,292,Not detected
799,car,0.85,13,194,270,899,675,Not detected,0.06,78,270,245,314,Not detected
800,car,0.93,13,130,267,883,698,Not detected,0.04,80,288,243,333,Not detected
801,car,0.91,13,54,264,868,720,Not detected,0.03,78,311,258,356,Not detected
802,car,0.92,13,8,262,852,747,Not detected,0.12,33,332,226,385,Not detected
872,car,0.85,18,1246,316,1367,412,Not detected,0.30,55,64,78,72,Not detected
873,car,0.86,18,1246,316,1369,413,Not detected,0.03,58,64,80,73,Not detected
878,car,0.85,18,1250,316,1387,424,Not detected,0.17,67,71,89,79,Not detected
884,car,0.84,18,1258,315,1411,433,Not detected,0.07,75,82,100,92,Not detected
885,car,0.83,18,1260,315,1414,436,Not detected,0.04,74,84,102,94,Not detected
886,car,0.81,18,1261,315,1420,438,Not detected,0.14,75,85,105,96,Not detected
887,car,0.84,18,1261,316,1426,442,Not detected,0.32,82,87,110,98,Not detected
888,car,0.85,18,1262,317,1431,446,Not detected,0.16,82,87,114,98,Not detected
889,car,0.87,18,1263,316,1439,449,Not detected,0.42,86,90,118,101,Not detected
890,car,0.87,18,1265,316,1445,452,Not detected,0.08,88,92,121,104,Not detected
891,car,0.89,18,1265,317,1452,455,Not detected,0.15,93,93,128,105,Not detected
893,car,0.83,18,1269,317,1466,461,Not detected,0.12,103,98,137,111,Not detected
895,car,0.86,18,1276,317,1485,471,Not detected,0.12,108,103,145,117,Not detected
897,car,0.88,18,1280,317,1503,479,Not detected,0.01,119,109,159,123,Not detected
898,car,0.87,18,1283,316,1514,484,Not detected,0.02,125,114,165,128,Not detected
900,car,0.86,18,1290,316,1539,495,Not detected,0.00,137,121,181,136,Not detected
901,car,0.88,18,1292,317,1552,499,Not detected,0.25,146,124,191,141,Not detected
989,car,0.91,26,1611,329,1919,523,Not detected,0.26,256,130,307,147,Not detected
991,car,0.90,26,1586,330,1919,516,Not detected,0.17,235,121,298,137,Not detected
993,car,0.92,26,1565,329,1901,505,Not detected,0.10,215,114,273,130,Not detected
994,car,0.90,26,1556,329,1881,500,Not detected,0.13,205,111,261,125,Not detected
995,car,0.91,26,1546,330,1859,495,Not detected,0.07,195,106,251,122,Not detected
997,car,0.91,26,1529,329,1818,486,Not detected,0.02,178,101,232,116,Not detected
998,car,0.91,26,1521,328,1798,483,Not detected,0.07,170,99,223,113,Not detected
999,car,0.87,26,1515,328,1781,480,Not detected,0.05,161,97,214,111,Not detected
1000,car,0.89,26,1507,328,1764,476,Not detected,0.22,154,94,206,107,Not detected
1001,car,0.89,26,1499,328,1748,473,Not detected,0.11,149,92,200,105,Not detected
1002,car,0.88,26,1490,328,1732,470,Not detected,0.11,146,90,194,103,Not detected
1003,car,0.85,26,1484,328,1718,466,Not detected,0.01,140,87,187,100,Not detected
1004,car,0.84,22,1071,297,1185,391,Not detected,0.31,37,64,66,73,Not detected
1004,car,0.81,26,1479,328,1703,462,Not detected,0.01,132,85,179,98,Not detected
1005,car,0.85,26,1473,329,1691,459,Not detected,0.06,127,82,174,95,Not detected
1006,car,0.85,26,1468,327,1679,458,Not detected,0.03,122,82,167,94,Not detected
1007,car,0.80,22,1063,298,1180,394,Not detected,0.09,36,66,69,74,Not detected
1007,car,0.86,26,1461,324,1667,455,Not detected,0.06,119,85,163,96,Not detected
1008,car,0.88,26,1456,322,1656,450,Not detected,0.12,114,85,158,96,Not detected
1009,car,0.85,22,1057,297,1179,398,Not detected,0.01,36,68,70,76,Not detected
1010,car,0.86,22,1053,297,1178,400,Not detected,0.11,38,69,71,78,Not detected
1012,car,0.81,22,1044,295,1177,403,Not detected,0.08,40,73,75,82,Not detected
1012,car,0.83,26,1436,323,1617,441,Not detected,0.08,101,77,141,88,Not detected
1013,car,0.86,22,1041,295,1174,405,Not detected,0.01,39,73,75,83,Not detected
1013,car,0.83,26,1432,324,1607,438,Not detected,0.13,98,75,137,85,Not detected
1014,car,0.82,22,1036,294,1174,406,Not detected,0.11,41,75,77,85,Not detected
1015,car,0.82,22,1032,293,1172,407,Not detected,0.10,40,78,78,87,Not detected
1015,car,0.89,26,1424,325,1592,435,Not detected,0.08,91,69,130,80,Not detected
1016,car,0.86,22,1026,293,1171,409,Not detected,0.59,45,79,81,89,Not detected
1017,car,0.86,22,1021,292,1170,410,Not detected,0.89,46,80,82,91,Not detected
1017,car,0.86,26,1415,324,1577,431,Not detected,0.21,88,66,125,77,Not detected
1018,car,0.80,22,1016,292,1168,412,Not detected,0.11,45,81,84,92,Not detected
1018,car,0.86,26,1412,324,1569,429,Not detected,0.22,84,65,121,74,Not detected
1019,car,0.81,22,1014,291,1166,413,Not detected,0.07,43,83,82,94,Not detected
1020,car,0.85,26,1405,322,1555,425,Not detected,0.27,82,64,116,74,Not detected
1021,car,0.79,22,1003,291,1162,416,Not detected,0.30,45,85,85,96,Not detected
1022,car,0.79,22,994,289,1162,418,Not detected,0.07,48,88,90,100,Not detected
1023,car,0.82,22,989,290,1159,421,Not detected,0.12,49,88,91,101,Not detected
1023,car,0.88,26,1396,323,1541,419,Not detected,0.02,76,62,108,70,Not detected
1024,car,0.80,22,985,291,1158,422,Not detected,0.10,47,88,90,100,Not detected
1025,car,0.82,22,978,290,1155,424,Not detected,0.08,49,90,92,103,Not detected
1026,car,0.80,22,971,288,1152,426,Not detected,0.04,50,94,94,107,Not detected
1027,car,0.85,22,965,287,1150,428,Not detected,0.18,47,96,95,110,Not detected
1028,car,0.88,22,958,286,1148,431,Not detected,0.23,47,98,97,113,Not detected
1029,car,0.85,22,950,285,1145,433,Not detected,0.24,50,102,99,117,Not detected
1030,car,0.84,22,944,285,1142,437,Not detected,0.06,48,104,98,119,Not detected
1031,car,0.86,22,935,285,1140,440,Not detected,0.17,49,106,101,121,Not detected
1032,car,0.82,22,926,284,1137,442,Not detected,0.14,51,109,103,124,Not detected
1033,car,0.76,22,917,283,1134,445,Not detected,0.04,52,112,105,127,Not detected
1034,car,0.74,22,908,283,1131,449,Not detected,0.11,52,113,107,131,Not detected
1035,car,0.63,22,897,282,1129,453,Not detected,0.07,54,116,111,135,Not detected
1036,car,0.87,22,886,282,1126,458,Not detected,0.07,55,119,113,136,Not detected
1037,car,0.89,22,874,281,1122,461,Not detected,0.14,58,123,117,140,Not detected
1038,car,0.88,22,864,281,1117,465,Not detected,0.21,58,125,118,142,Not detected
1039,car,0.90,22,852,280,1112,468,Not detected,0.04,58,128,120,146,Not detected
1040,car,0.91,22,838,280,1107,472,Not detected,0.14,61,131,124,149,Not detected
1041,car,0.91,22,824,280,1103,477,Not detected,0.12,60,133,128,153,Not detected
1042,car,0.90,22,808,279,1098,482,Not detected,0.08,62,137,131,157,Not detected
1043,car,0.88,22,794,278,1092,487,Not detected,0.09,63,141,132,163,Not detected
1044,car,0.88,22,777,276,1087,493,Not detected,0.04,65,147,137,168,Not detected
1045,car,0.89,22,760,276,1082,499,Not detected,0.14,64,152,141,173,Not detected
1046,car,0.89,22,742,273,1075,506,Not detected,0.02,65,159,144,181,Not detected
1047,car,0.90,22,723,272,1068,512,Not detected,0.08,65,165,145,188,Not detected
1048,car,0.91,22,701,271,1063,519,Not detected,0.15,67,171,151,194,Not detected
1049,car,0.92,22,678,268,1055,526,Not detected,0.42,69,180,154,204,Not detected
1050,car,0.92,22,652,266,1047,533,Not detected,0.10,72,187,160,212,Not detected
1051,car,0.92,22,625,265,1040,542,Not detected,0.06,72,194,165,221,Not detected
1052,car,0.93,22,595,262,1032,554,Not detected,0.09,73,204,171,231,Not detected
1053,car,0.93,22,563,261,1022,564,Not detected,0.26,73,212,176,240,Not detected
1054,car,0.93,22,527,258,1012,576,Not detected,0.05,76,222,182,252,Not detected
1055,car,0.93,22,489,257,1002,586,Not detected,0.10,76,231,189,262,Not detected
1059,car,0.93,22,287,244,952,653,Not detected,0.14,75,291,214,332,Not detected
1241,car,0.90,31,1609,332,1919,514,Not detected,0.11,236,120,308,140,Not detected
1244,car,0.91,31,1572,334,1900,500,Not detected,0.06,206,105,303,129,Not detected
1245,car,0.90,31,1562,334,1877,495,Not detected,0.36,196,102,291,125,Not detected
1246,car,0.88,31,1551,335,1855,490,Not detected,0.94,184,98,280,120,Not detected
1250,car,0.87,31,1514,334,1773,474,Not detected,0.01,158,88,232,107,Not detected
1251,car,0.87,31,1507,335,1755,470,Not detected,0.07,150,84,231,102,Not detected
1257,car,0.87,31,1469,331,1672,450,Not detected,0.09,115,77,173,93,Not detected
1258,car,0.87,31,1464,331,1659,447,Not detected,0.03,108,75,167,90,Not detected
1260,car,0.89,31,1452,327,1639,442,Not detected,0.11,104,75,157,88,Not detected
1261,car,0.78,29,1068,311,1183,390,Not detected,0.03,30,50,63,58,Not detected
1261,car,0.89,31,1447,328,1627,439,Not detected,0.07,100,72,151,85,Not detected
1264,car,0.86,29,1056,307,1186,395,Not detected,0.05,37,56,67,65,Not detected
1264,car,0.87,31,1434,326,1597,430,Not detected,0.09,82,69,133,80,Not detected
1265,car,0.84,29,1052,309,1178,397,Not detected,0.25,29,54,67,63,Not detected
1265,car,0.86,31,1429,328,1588,429,Not detected,0.86,87,64,132,77,Not detected
1266,car,0.82,29,1049,309,1174,398,Not detected,0.56,28,56,67,65,Not detected
1266,car,0.88,31,1430,329,1580,427,Not detected,0.01,79,62,125,74,Not detected
1267,car,0.86,29,1045,310,1172,400,Not detected,0.05,30,56,68,64,Not detected
1267,car,0.87,31,1432,330,1573,425,Not detected,0.05,69,60,115,71,Not detected
1268,car,0.87,29,1041,310,1171,400,Not detected,0.06,33,56,68,66,Not detected
1269,car,0.86,29,1035,309,1170,402,Not detected,0.17,35,59,70,68,Not detected
1271,car,0.85,29,1025,309,1165,404,Not detected,0.04,36,60,73,70,Not detected
1272,car,0.87,29,1020,309,1161,406,Not detected,0.03,34,61,74,72,Not detected
1273,car,0.86,29,1015,309,1160,407,Not detected,0.09,36,63,74,73,Not detected
1274,car,0.87,29,1009,310,1158,410,Not detected,0.06,36,63,76,74,Not detected
1275,car,0.87,29,1002,310,1155,412,Not detected,0.05,38,63,78,75,Not detected
1276,car,0.90,29,995,310,1152,414,Not detected,0.04,39,65,80,77,Not detected
1277,car,0.85,29,989,309,1149,418,Not detected,0.44,39,67,81,79,Not detected
1278,car,0.85,29,982,308,1145,420,Not detected,0.13,37,70,82,80,Not detected
1279,car,0.87,29,974,308,1142,422,Not detected,0.11,36,70,84,82,Not detected
1280,car,0.85,29,967,307,1139,424,Not detected,0.12,34,73,85,85,Not detected
1281,car,0.86,29,959,306,1136,426,Not detected,0.32,39,75,87,88,Not detected
1282,car,0.87,29,952,306,1134,428,Not detected,0.17,42,76,87,91,Not detected
1283,car,0.89,29,942,304,1132,430,Not detected,0.03,41,80,90,94,Not detected
1284,car,0.89,29,933,304,1129,433,Not detected,0.13,43,83,92,98,Not detected
1285,car,0.89,29,924,303,1128,437,Not detected,0.05,42,86,93,101,Not detected
1286,car,0.87,29,914,303,1122,441,Not detected,0.07,41,87,95,103,Not detected
1287,car,0.86,29,902,302,1118,444,Not detected,0.27,45,90,99,106,Not detected
1288,car,0.88,29,892,302,1111,450,Not detected,0.06,43,92,100,109,Not detected
1289,car,0.87,29,880,302,1107,453,Not detected,0.25,45,96,102,113,Not detected
1290,car,0.87,29,867,302,1101,456,Not detected,0.12,46,99,104,115,Not detected
1291,car,0.88,29,852,301,1095,459,Not detected,0.28,47,102,108,120,Not detected
1292,car,0.90,29,839,301,1090,465,Not detected,0.29,46,105,110,123,Not detected
1293,car,0.92,29,822,301,1086,471,Not detected,0.10,51,107,115,127,Not detected
1294,car,0.91,29,805,301,1079,477,Not detected,0.18,51,111,119,131,Not detected
1295,car,0.89,29,789,301,1073,482,Not detected,0.04,51,115,121,135,Not detected
1296,car,0.90,29,771,300,1067,488,Not detected,0.17,54,119,123,140,Not detected
1297,car,0.91,29,751,299,1060,494,Not detected,0.08,53,124,127,147,Not detected
1298,car,0.91,29,731,298,1052,500,Not detected,0.23,52,131,130,153,Not detected
1299,car,0.91,29,706,298,1044,508,Not detected,0.40,55,137,135,162,Not detected
1300,car,0.94,29,681,297,1035,516,Not detected,0.31,57,143,139,167,Not detected
1301,car,0.93,29,654,296,1026,525,Not detected,0.11,55,151,144,175,Not detected
1302,car,0.94,29,622,295,1017,534,Not detected,0.13,58,158,149,183,Not detected
1314,car,0.76,32,1070,310,1173,386,Not detected,0.01,32,49,61,58,Not detected
1315,car,0.72,32,1068,310,1172,386,Not detected,0.17,32,50,61,59,Not detected
1321,car,0.76,32,1049,310,1168,395,Not detected,0.07,34,54,65,64,Not detected
1322,car,0.79,32,1046,309,1165,395,Not detected,0.02,33,56,65,66,Not detected
1323,car,0.80,32,1042,308,1165,397,Not detected,0.02,35,57,66,69,Not detected
1324,car,0.81,32,1037,308,1163,398,Not detected,0.05,36,58,69,69,Not detected
1325,car,0.82,32,1033,308,1161,400,Not detected,0.43,35,59,70,71,Not detected
1326,car,0.83,32,1028,308,1159,402,Not detected,0.12,36,60,71,72,Not detected
1327,car,0.84,32,1023,308,1159,404,Not detected,0.38,36,61,72,73,Not detected
1328,car,0.84,32,1019,309,1159,405,Not detected,0.16,38,61,73,72,Not detected
1329,car,0.86,32,1014,309,1158,407,Not detected,0.06,38,62,73,74,Not detected
1330,car,0.85,32,1010,310,1154,409,Not detected,0.16,35,63,74,74,Not detected
1331,car,0.87,32,1004,309,1151,410,Not detected,0.10,37,64,76,77,Not detected
1332,car,0.88,32,997,308,1147,411,Not detected,0.15,38,66,79,78,Not detected
1333,car,0.85,32,992,308,1145,414,Not detected,0.15,36,56,84,69,Not detected
1333,car,0.85,32,992,308,1145,414,Not detected,0.04,36,67,79,79,Not detected
1334,car,0.84,32,986,308,1142,417,Not detected,0.04,40,69,81,81,Not detected
1335,car,0.87,32,980,308,1140,419,Not detected,0.77,41,70,82,85,Not detected
1335,car,0.87,32,980,308,1140,419,Not detected,0.06,37,58,86,72,Not detected
1336,car,0.87,32,973,308,1138,420,Not detected,0.34,42,71,84,85,Not detected
1337,car,0.86,32,967,307,1136,422,Not detected,0.04,40,73,85,87,Not detected
1338,car,0.86,32,959,306,1135,424,Not detected,0.09,42,75,87,90,Not detected
1338,car,0.86,32,959,306,1135,424,Not detected,0.54,37,62,91,81,Not detected
1339,car,0.85,32,952,305,1132,427,Not detected,0.06,42,78,88,92,Not detected
1339,car,0.85,32,952,305,1132,427,Not detected,0.19,40,64,91,81,Not detected
1340,car,0.85,32,945,304,1130,428,Not detected,0.12,43,80,89,95,Not detected
1340,car,0.85,32,945,304,1130,428,Not detected,0.22,31,66,91,80,Not detected
1341,car,0.88,32,936,304,1129,430,Not detected,0.06,43,82,91,96,Not detected
1341,car,0.88,32,936,304,1129,430,Not detected,0.10,39,67,97,82,Not detected
1342,car,0.86,32,928,303,1128,433,Not detected,0.04,43,85,93,101,Not detected
1343,car,0.77,32,919,302,1125,437,Not detected,0.09,41,88,95,103,Not detected
1344,car,0.83,32,909,303,1118,439,Not detected,0.14,44,90,97,108,Not detected
1345,car,0.86,32,901,303,1111,443,Not detected,0.03,44,92,97,108,Not detected
1346,car,0.81,32,889,302,1108,447,Not detected,0.05,47,96,101,112,Not detected
1347,car,0.86,32,878,301,1104,451,Not detected,0.08,48,99,102,115,Not detected
1348,car,0.85,32,868,301,1100,454,Not detected,0.24,44,102,104,119,Not detected
1349,car,0.87,32,854,301,1095,458,Not detected,0.03,48,105,109,122,Not detected
1349,car,0.87,32,854,301,1095,458,Not detected,0.12,41,87,114,103,Not detected
1349,car,0.87,32,854,301,1095,458,Not detected,0.37,41,87,114,103,Not detected
1350,car,0.89,32,841,301,1092,462,Not detected,0.06,49,107,110,126,Not detected
1351,car,0.88,32,828,301,1087,467,Not detected,0.09,50,111,112,128,Not detected
1352,car,0.89,32,812,301,1082,473,Not detected,0.05,52,114,116,132,Not detected
1353,car,0.89,32,798,301,1076,478,Not detected,0.18,51,117,118,135,Not detected
1354,car,0.89,32,782,299,1069,484,Not detected,0.03,51,122,120,140,Not detected
1355,car,0.90,32,765,299,1063,488,Not detected,0.07,51,126,123,145,Not detected
1356,car,0.90,32,746,297,1058,494,Not detected,0.17,52,131,127,151,Not detected
1357,car,0.91,32,728,296,1050,500,Not detected,0.22,52,137,129,159,Not detected
1358,car,0.91,32,706,295,1044,508,Not detected,0.40,52,143,132,165,Not detected
1359,car,0.91,32,684,295,1036,516,Not detected,0.17,53,149,135,171,Not detected
1360,car,0.95,32,659,295,1028,522,Not detected,0.10,54,154,139,178,Not detected
1361,car,0.95,32,630,295,1021,530,Not detected,0.15,56,160,146,184,Not detected
1362,car,0.94,32,602,295,1012,537,Not detected,0.39,56,167,148,193,Not detected
1363,car,0.93,32,571,295,1005,544,Not detected,0.15,56,173,153,201,Not detected
1371,car,0.92,32,176,282,904,662,Not detected,0.12,46,272,192,319,Not detected
1373,car,0.93,32,23,277,868,714,Not detected,0.04,10,320,180,386,Not detected
1383,car,0.84,35,1052,296,1172,394,Not detected,0.28,35,71,65,80,Not detected
1384,car,0.85,35,1047,295,1170,395,Not detected,0.05,35,72,68,81,Not detected
1386,car,0.82,35,1040,295,1168,397,Not detected,0.02,35,74,69,83,Not detected
1388,car,0.84,35,1032,294,1165,401,Not detected,0.05,38,78,71,87,Not detected
1391,car,0.83,35,1018,294,1160,407,Not detected,0.09,40,82,75,90,Not detected
1392,car,0.84,35,1013,293,1157,408,Not detected,0.01,39,84,76,94,Not detected
1393,car,0.84,35,1008,292,1156,409,Not detected,0.10,41,87,78,96,Not detected
1394,car,0.89,35,1001,292,1153,411,Not detected,0.10,35,87,80,97,Not detected
1395,car,0.84,35,995,291,1150,412,Not detected,0.09,44,90,82,99,Not detected
1396,car,0.86,35,990,291,1149,414,Not detected,0.22,30,90,82,101,Not detected
1397,car,0.88,35,984,290,1147,417,Not detected,0.32,45,92,84,102,Not detected
1398,car,0.89,35,977,290,1145,419,Not detected,0.41,44,93,86,105,Not detected
1399,car,0.91,35,971,289,1144,421,Not detected,0.07,45,96,88,107,Not detected
1400,car,0.89,35,964,289,1141,423,Not detected,0.03,46,96,89,109,Not detected
1401,car,0.89,35,957,289,1139,425,Not detected,0.04,46,98,91,111,Not detected
1402,car,0.88,35,949,288,1137,427,Not detected,0.02,48,101,93,114,Not detected
1403,car,0.83,35,942,287,1135,429,Not detected,0.07,47,104,93,117,Not detected
1404,car,0.78,35,934,286,1132,433,Not detected,0.11,47,107,96,121,Not detected
1405,car,0.87,35,926,285,1131,435,Not detected,0.03,47,111,96,124,Not detected
1406,car,0.88,35,917,285,1128,439,Not detected,0.13,47,113,99,126,Not detected
1407,car,0.86,35,906,284,1123,442,Not detected,0.01,49,116,102,130,Not detected
1408,car,0.84,35,896,284,1119,445,Not detected,0.08,51,119,104,133,Not detected
1408,car,0.90,39,1612,331,1919,523,Not detected,0.38,250,126,307,144,Not detected
1409,car,0.85,35,885,284,1114,449,Not detected,0.12,51,121,107,137,Not detected
1409,car,0.89,39,1600,330,1919,517,Not detected,0.04,239,122,306,142,Not detected
1410,car,0.88,35,875,283,1109,455,Not detected,0.08,51,125,108,141,Not detected
1410,car,0.89,39,1591,330,1918,513,Not detected,0.47,231,120,292,137,Not detected
1411,car,0.88,35,863,284,1105,458,Not detected,0.07,51,127,110,143,Not detected
1411,car,0.91,39,1582,330,1914,508,Not detected,0.13,220,116,281,133,Not detected
1412,car,0.88,35,850,283,1100,462,Not detected,0.21,53,131,115,147,Not detected
1412,car,0.92,39,1572,330,1903,504,Not detected,0.12,212,112,273,131,Not detected
1413,car,0.89,35,836,282,1095,467,Not detected,0.02,54,135,118,151,Not detected
1414,car,0.91,35,822,281,1091,472,Not detected,0.36,56,140,121,155,Not detected
1415,car,0.90,35,806,280,1088,477,Not detected,0.07,57,143,125,161,Not detected
1415,car,0.91,39,1548,331,1851,493,Not detected,0.15,187,101,246,121,Not detected
1416,car,0.89,35,791,280,1083,483,Not detected,0.53,57,147,128,165,Not detected
1416,car,0.91,39,1543,330,1833,490,Not detected,0.04,178,101,235,119,Not detected
1417,car,0.88,35,774,278,1077,488,Not detected,0.09,58,153,131,173,Not detected
1417,car,0.89,39,1535,329,1818,486,Not detected,0.18,173,100,233,117,Not detected
1418,car,0.88,35,755,275,1069,494,Not detected,0.06,59,162,136,180,Not detected
1418,car,0.83,36,1178,308,1274,386,Not detected,0.08,37,50,64,58,Not detected
1418,car,0.90,39,1528,330,1803,483,Not detected,0.14,168,97,225,114,Not detected
1419,car,0.87,35,735,272,1062,502,Not detected,0.14,61,170,139,190,Not detected
1419,car,0.87,39,1521,330,1788,480,Not detected,0.12,162,94,220,112,Not detected
1420,car,0.92,35,714,272,1055,511,Not detected,0.20,63,175,144,195,Not detected
1420,car,0.85,36,1179,307,1279,388,Not detected,0.12,37,51,65,60,Not detected
1420,car,0.88,39,1514,328,1774,477,Not detected,0.06,156,92,216,111,Not detected
1421,car,0.91,35,691,271,1048,518,Not detected,0.12,65,183,147,203,Not detected
1421,car,0.85,36,1179,307,1280,388,Not detected,0.12,38,53,66,61,Not detected
1421,car,0.87,39,1510,328,1760,475,Not detected,0.09,147,92,209,109,Not detected
1422,car,0.91,35,667,269,1042,527,Not detected,0.05,64,191,151,212,Not detected
1422,car,0.82,36,1178,307,1280,389,Not detected,0.33,40,53,68,61,Not detected
1422,car,0.86,39,1506,329,1748,471,Not detected,0.16,138,90,202,105,Not detected
1423,car,0.91,35,638,267,1033,534,Not detected,0.05,66,199,158,222,Not detected
1423,car,0.86,39,1502,329,1734,468,Not detected,0.03,131,88,195,102,Not detected
1424,car,0.92,35,609,265,1024,541,Not detected,0.14,67,209,164,233,Not detected
1425,car,0.93,35,576,262,1015,553,Not detected,0.12,68,219,169,244,Not detected
1426,car,0.83,39,1483,326,1702,458,Not detected,0.25,127,86,182,101,Not detected
1427,car,0.83,36,1178,307,1287,398,Not detected,0.73,43,58,74,67,Not detected
1428,car,0.83,36,1179,307,1289,399,Not detected,0.12,43,59,74,67,Not detected
1429,car,0.86,36,1180,306,1294,401,Not detected,0.07,42,60,74,71,Not detected
1429,car,0.86,39,1472,326,1674,454,Not detected,0.03,113,81,164,96,Not detected
1430,car,0.83,36,1180,305,1296,402,Not detected,0.12,43,63,76,72,Not detected
1430,car,0.89,39,1466,325,1666,453,Not detected,0.08,112,81,163,95,Not detected
1431,car,0.80,36,1179,303,1299,404,Not detected,0.20,45,65,78,75,Not detected
1431,car,0.89,39,1463,327,1659,451,Not detected,0.02,105,78,152,92,Not detected
1432,car,0.85,36,1179,303,1301,405,Not detected,0.02,46,66,79,77,Not detected
1432,car,0.88,39,1460,324,1651,448,Not detected,0.08,103,79,154,93,Not detected
1433,car,0.84,36,1181,303,1302,406,Not detected,0.12,45,67,80,78,Not detected
1433,car,0.90,39,1457,325,1643,447,Not detected,0.08,100,76,146,91,Not detected
1434,car,0.82,36,1180,303,1303,408,Not detected,0.04,47,69,82,80,Not detected
1434,car,0.90,39,1453,325,1637,445,Not detected,0.06,98,75,146,90,Not detected
1435,car,0.82,36,1179,302,1306,410,Not detected,0.15,49,70,85,81,Not detected
1435,car,0.91,39,1450,325,1629,443,Not detected,0.15,95,75,143,88,Not detected
1436,car,0.82,36,1179,302,1308,412,Not detected,0.08,50,72,86,83,Not detected
1437,car,0.79,36,1178,302,1311,414,Not detected,0.03,53,73,90,84,Not detected
1437,car,0.90,39,1441,324,1611,436,Not detected,0.10,77,72,138,85,Not detected
1438,car,0.82,36,1178,301,1314,416,Not detected,0.08,53,75,91,87,Not detected
1439,car,0.78,36,1180,300,1316,418,Not detected,0.18,54,78,93,90,Not detected
1441,car,0.79,36,1180,301,1323,422,Not detected,0.04,57,80,99,92,Not detected
1442,car,0.80,36,1180,302,1326,425,Not detected,0.06,58,80,101,92,Not detected
1442,car,0.89,39,1426,324,1584,430,Not detected,0.04,81,67,125,79,Not detected
1443,car,0.81,36,1180,301,1329,427,Not detected,0.08,61,82,104,95,Not detected
1444,car,0.78,36,1181,301,1334,429,Not detected,0.05,62,84,106,97,Not detected
1445,car,0.73,36,1183,300,1338,430,Not detected,0.00,62,87,108,100,Not detected
1446,car,0.75,36,1184,300,1342,433,Not detected,0.11,65,89,111,102,Not detected
1447,car,0.80,36,1185,299,1346,436,Not detected,0.07,65,92,113,105,Not detected
1448,car,0.82,36,1185,298,1352,439,Not detected,0.35,69,95,117,109,Not detected
1449,car,0.84,36,1186,296,1359,442,Not detected,0.06,71,98,121,112,Not detected
1450,car,0.86,36,1187,295,1366,446,Not detected,0.05,75,101,125,116,Not detected
1451,car,0.85,36,1188,294,1370,450,Not detected,0.06,77,104,128,119,Not detected
1452,car,0.87,36,1189,294,1378,454,Not detected,0.09,80,107,132,122,Not detected
1453,car,0.85,36,1189,295,1384,456,Not detected,0.05,84,108,139,124,Not detected
1454,car,0.73,36,1190,294,1393,459,Not detected,0.09,88,112,143,127,Not detected
1455,car,0.82,36,1191,294,1401,465,Not detected,0.06,93,115,151,131,Not detected
1456,car,0.87,36,1192,294,1409,470,Not detected,0.03,97,117,156,134,Not detected
1457,car,0.88,36,1192,293,1417,474,Not detected,0.11,104,121,163,139,Not detected
1458,car,0.88,36,1192,293,1427,478,Not detected,0.05,112,124,174,142,Not detected
1459,car,0.87,36,1194,293,1437,482,Not detected,0.17,117,128,181,146,Not detected
1460,car,0.89,36,1195,292,1449,489,Not detected,0.28,122,132,190,151,Not detected
1461,car,0.91,36,1199,291,1460,494,Not detected,0.51,128,138,196,157,Not detected
1462,car,0.90,36,1201,290,1473,500,Not detected,0.12,136,143,207,162,Not detected
1463,car,0.90,36,1203,290,1489,506,Not detected,0.23,145,146,219,168,Not detected
1464,car,0.88,36,1206,291,1503,513,Not detected,0.17,156,151,231,172,Not detected
1465,car,0.84,36,1208,291,1519,520,Not detected,0.03,166,156,245,178,Not detected
1466,car,0.85,36,1214,290,1538,526,Not detected,0.12,174,162,257,185,Not detected
1467,car,0.93,36,1219,291,1557,533,Not detected,0.13,185,168,269,190,Not detected
1468,car,0.86,36,1225,290,1579,540,Not detected,0.07,198,175,286,199,Not detected
1469,car,0.89,36,1230,289,1602,550,Not detected,0.03,211,183,303,207,Not detected
1526,car,0.87,47,1206,309,1312,401,Not detected,0.01,34,61,71,69,Not detected
1527,car,0.87,47,1205,309,1314,402,Not detected,0.41,40,61,73,71,Not detected
1529,car,0.85,47,1204,308,1318,404,Not detected,0.04,44,65,77,74,Not detected
1531,car,0.87,47,1204,307,1321,407,Not detected,0.37,44,67,80,78,Not detected
1532,car,0.85,47,1205,306,1322,408,Not detected,0.15,44,69,80,80,Not detected
1533,car,0.87,47,1204,306,1324,410,Not detected,0.03,42,70,82,80,Not detected
1534,car,0.88,47,1204,306,1327,411,Not detected,0.02,43,71,83,81,Not detected
1535,car,0.88,47,1203,306,1331,413,Not detected,0.21,44,72,86,82,Not detected
1537,car,0.87,47,1203,306,1335,416,Not detected,0.20,49,74,90,85,Not detected
1538,car,0.88,47,1202,306,1338,418,Not detected,0.13,51,75,93,86,Not detected
1539,car,0.84,47,1204,306,1340,421,Not detected,0.07,51,76,92,89,Not detected
1541,car,0.83,47,1205,305,1345,425,Not detected,0.09,52,79,95,91,Not detected
1542,car,0.82,47,1206,305,1347,427,Not detected,0.36,53,81,96,94,Not detected
1543,car,0.82,47,1207,305,1350,428,Not detected,0.08,53,83,97,95,Not detected
1544,car,0.81,47,1208,304,1351,430,Not detected,0.12,53,85,99,99,Not detected
1545,car,0.77,47,1209,302,1354,430,Not detected,0.07,54,89,100,102,Not detected
1546,car,0.77,47,1209,301,1359,432,Not detected,0.14,54,93,103,105,Not detected
1547,car,0.78,47,1210,300,1363,433,Not detected,0.24,57,94,104,108,Not detected
1549,car,0.71,47,1209,301,1369,438,Not detected,0.04,62,96,112,111,Not detected
1550,car,0.72,47,1209,300,1373,443,Not detected,0.07,65,99,115,114,Not detected
1551,car,0.75,47,1209,300,1378,447,Not detected,0.79,67,101,119,115,Not detected
1552,car,0.83,47,1210,299,1382,450,Not detected,0.20,72,105,123,119,Not detected
1553,car,0.82,47,1211,299,1388,451,Not detected,0.09,74,106,127,122,Not detected
1554,car,0.80,47,1212,299,1394,455,Not detected,0.20,74,108,130,123,Not detected
1555,car,0.77,47,1215,298,1401,458,Not detected,0.32,75,112,133,127,Not detected
1556,car,0.82,47,1215,297,1408,463,Not detected,0.27,82,115,139,131,Not detected
1557,car,0.86,47,1214,297,1416,468,Not detected,0.41,88,117,147,134,Not detected
1558,car,0.88,47,1215,298,1424,472,Not detected,0.17,93,119,154,138,Not detected
1559,car,0.86,47,1215,298,1431,476,Not detected,0.24,100,122,161,141,Not detected
1560,car,0.89,47,1216,298,1442,482,Not detected,0.44,108,125,169,143,Not detected
1561,car,0.88,47,1219,296,1452,484,Not detected,0.07,113,130,176,150,Not detected
1562,car,0.90,47,1223,294,1462,489,Not detected,0.06,113,135,182,155,Not detected
1563,car,0.90,47,1225,293,1475,495,Not detected,0.34,121,141,190,161,Not detected
1564,car,0.89,47,1227,293,1487,502,Not detected,0.45,128,144,200,165,Not detected
1565,car,0.89,47,1230,293,1501,506,Not detected,0.06,137,148,209,168,Not detected
1566,car,0.90,47,1233,293,1515,512,Not detected,0.23,149,152,221,173,Not detected
1567,car,0.89,47,1237,293,1529,520,Not detected,0.19,154,157,231,178,Not detected
1568,car,0.90,47,1241,292,1547,526,Not detected,0.09,165,163,245,183,Not detected
1569,car,0.92,47,1244,293,1564,531,Not detected,0.53,178,167,258,188,Not detected
1570,car,0.90,47,1250,292,1585,538,Not detected,0.16,187,174,272,195,Not detected
1571,car,0.89,47,1257,292,1606,544,Not detected,0.22,199,179,284,203,Not detected
1572,car,0.90,47,1262,292,1628,550,Not detected,0.18,214,186,302,209,Not detected
1573,car,0.88,47,1267,291,1652,559,Not detected,0.42,230,194,322,219,Not detected
1574,car,0.90,47,1273,291,1683,568,Not detected,0.05,248,202,343,225,Not detected
1575,car,0.92,47,1279,291,1711,578,Not detected,0.11,268,211,365,234,Not detected
1599,car,0.72,43,1092,307,1199,389,Not detected,0.03,32,51,60,60,Not detected
1614,car,0.85,43,1040,305,1180,403,Not detected,0.11,36,63,71,74,Not detected
1623,car,0.73,54,1233,305,1328,399,Not detected,0.03,31,63,63,70,Not detected
1624,car,0.75,54,1233,305,1330,400,Not detected,0.27,32,64,63,71,Not detected
1626,car,0.86,43,972,303,1143,423,Not detected,0.18,40,75,84,90,Not detected
1628,car,0.86,43,957,302,1138,427,Not detected,0.14,43,79,88,98,Not detected
1629,car,0.87,43,949,302,1135,429,Not detected,0.82,44,81,89,101,Not detected
1629,car,0.85,54,1233,304,1337,404,Not detected,0.14,35,69,68,76,Not detected
1630,car,0.85,54,1233,303,1338,405,Not detected,0.04,34,70,68,78,Not detected
1631,car,0.86,43,931,300,1128,433,Not detected,0.52,47,87,94,108,Not detected
1631,car,0.85,54,1233,301,1338,405,Not detected,0.03,37,73,69,81,Not detected
1632,car,0.85,43,922,300,1122,437,Not detected,0.05,47,89,95,108,Not detected
1633,car,0.84,43,913,301,1118,441,Not detected,0.15,46,90,96,107,Not detected
1634,car,0.88,43,901,298,1112,444,Not detected,0.89,47,95,101,116,Not detected
1635,car,0.89,43,891,298,1107,449,Not detected,0.16,46,98,99,118,Not detected
1635,car,0.85,54,1233,300,1344,410,Not detected,0.12,38,76,72,86,Not detected
1636,car,0.88,43,879,298,1102,453,Not detected,0.14,47,100,102,120,Not detected
1636,car,0.84,54,1232,298,1345,411,Not detected,0.07,40,80,75,88,Not detected
1637,car,0.89,43,865,296,1097,457,Not detected,0.08,50,105,106,130,Not detected
1637,car,0.85,54,1232,298,1347,413,Not detected,0.09,40,81,76,89,Not detected
1638,car,0.90,43,851,295,1092,461,Not detected,0.31,51,108,109,129,Not detected
1639,car,0.91,43,837,295,1088,465,Not detected,0.25,54,111,114,134,Not detected
1639,car,0.84,54,1232,298,1350,415,Not detected,0.01,41,83,79,91,Not detected
1640,car,0.91,43,822,295,1081,469,Not detected,0.89,55,114,114,134,Not detected
1640,car,0.86,54,1231,297,1352,417,Not detected,0.11,43,84,81,93,Not detected
1641,car,0.89,43,805,294,1074,475,Not detected,0.17,57,118,117,142,Not detected
1641,car,0.84,54,1231,297,1354,418,Not detected,0.06,41,86,82,94,Not detected
1642,car,0.88,43,789,293,1068,481,Not detected,0.07,52,121,119,150,Not detected
1642,car,0.83,54,1232,298,1356,419,Not detected,0.19,44,84,82,95,Not detected
1643,car,0.88,43,771,292,1060,486,Not detected,0.14,54,128,123,152,Not detected
1643,car,0.83,54,1232,298,1356,421,Not detected,0.13,46,86,84,96,Not detected
1644,car,0.91,43,750,292,1052,495,Not detected,0.22,57,131,125,156,Not detected
1644,car,0.82,54,1231,297,1360,423,Not detected,0.21,49,88,86,99,Not detected
1645,car,0.78,54,1230,296,1363,426,Not detected,0.18,50,90,89,101,Not detected
1646,car,0.89,43,705,291,1036,508,Not detected,0.32,60,143,133,170,Not detected
1646,car,0.80,54,1230,295,1365,428,Not detected,0.03,51,92,91,103,Not detected
1647,car,0.79,54,1229,294,1366,430,Not detected,0.10,50,95,94,106,Not detected
1648,car,0.80,54,1229,293,1368,431,Not detected,0.21,52,97,96,109,Not detected
1649,car,0.95,43,619,289,1006,534,Not detected,0.97,64,163,151,194,Not detected
1649,car,0.78,54,1230,294,1370,432,Not detected,0.22,53,98,97,110,Not detected
1650,car,0.93,43,585,287,997,545,Not detected,0.10,67,172,155,204,Not detected
1650,car,0.69,54,1230,293,1372,432,Not detected,0.53,55,99,99,112,Not detected
1651,car,0.73,54,1231,292,1376,434,Not detected,0.19,57,102,101,115,Not detected
1652,car,0.72,54,1232,291,1380,435,Not detected,0.10,56,104,103,118,Not detected
1653,car,0.73,54,1232,290,1385,438,Not detected,0.11,59,106,106,120,Not detected
1654,car,0.74,54,1231,291,1388,439,Not detected,0.04,63,107,109,121,Not detected
1655,car,0.76,54,1231,291,1392,442,Not detected,0.15,63,108,112,124,Not detected
1656,car,0.67,54,1232,290,1394,446,Not detected,0.02,63,111,116,125,Not detected
1657,car,0.69,54,1234,289,1399,449,Not detected,0.11,64,114,118,128,Not detected
1658,car,0.81,54,1235,289,1405,450,Not detected,0.42,68,115,119,132,Not detected
1658,car,0.81,54,1235,289,1405,450,Not detected,0.02,68,115,119,132,Not detected
1659,car,0.82,54,1234,288,1409,455,Not detected,0.06,73,119,126,133,Not detected
1660,car,0.79,54,1234,287,1414,457,Not detected,0.14,75,121,130,138,Not detected
1661,car,0.83,54,1234,287,1420,461,Not detected,0.07,79,123,135,141,Not detected
1662,car,0.88,54,1235,287,1428,464,Not detected,0.17,83,126,139,142,Not detected
1663,car,0.88,54,1236,287,1435,468,Not detected,0.06,86,128,144,145,Not detected
1664,car,0.88,54,1237,286,1442,473,Not detected,0.01,90,131,149,150,Not detected
1665,car,0.88,54,1238,286,1449,477,Not detected,0.12,94,133,154,151,Not detected
1666,car,0.89,54,1241,285,1456,480,Not detected,0.09,96,138,160,156,Not detected
1667,car,0.88,54,1243,285,1464,484,Not detected,0.14,101,140,165,161,Not detected
1668,car,0.88,54,1245,284,1473,488,Not detected,0.07,106,144,171,164,Not detected
1669,car,0.88,54,1247,284,1484,493,Not detected,0.11,112,148,178,170,Not detected
1670,car,0.90,54,1250,285,1494,498,Not detected,0.15,117,150,184,171,Not detected
1671,car,0.90,54,1252,285,1505,503,Not detected,0.38,122,154,194,176,Not detected
1672,car,0.91,54,1255,284,1518,508,Not detected,0.14,129,158,203,182,Not detected
1673,car,0.92,54,1259,283,1530,515,Not detected,0.19,135,163,211,188,Not detected
1673,car,0.92,54,1259,283,1530,515,Not detected,0.18,132,166,211,183,Not detected
1674,car,0.91,54,1262,281,1546,522,Not detected,0.15,144,170,221,191,Not detected
1675,car,0.92,54,1266,281,1559,527,Not detected,0.11,151,174,233,201,Not detected
1675,car,0.92,54,1266,281,1559,527,Not detected,0.24,150,177,231,196,Not detected
1676,car,0.90,54,1272,280,1575,531,Not detected,0.58,158,180,242,206,Not detected
1677,car,0.87,54,1275,279,1592,538,Not detected,0.25,169,188,255,214,Not detected
1678,car,0.89,54,1278,279,1609,545,Not detected,0.58,181,192,271,222,Not detected
1679,car,0.87,54,1280,278,1630,554,Not detected,0.09,195,199,289,224,Not detected
1680,car,0.83,54,1286,277,1652,562,Not detected,0.40,208,207,304,232,Not detected
1681,car,0.85,54,1295,277,1677,570,Not detected,0.15,220,214,320,240,Not detected
1682,car,0.89,54,1304,274,1703,578,Not detected,0.03,228,226,334,255,Not detected
1683,car,0.87,54,1310,271,1730,587,Not detected,0.54,250,237,355,268,Not detected
1684,car,0.89,54,1320,270,1760,598,Not detected,0.25,268,246,378,276,Not detected
1685,car,0.91,54,1328,273,1794,610,Not detected,0.61,288,253,402,284,Not detected
1686,car,0.91,54,1337,269,1833,622,Not detected,0.20,312,268,430,298,Not detected
1687,car,0.90,54,1347,269,1873,632,Not detected,0.22,336,278,459,314,Not detected
1688,car,0.92,54,1358,267,1909,645,Not detected,0.36,363,291,493,330,Not detected
1689,car,0.92,54,1371,266,1920,656,Not detected,0.12,394,308,532,343,Not detected
1691,car,0.87,59,981,301,1140,414,Not detected,0.57,40,68,83,82,Not detected
1693,car,0.86,59,969,300,1136,419,Not detected,0.79,41,72,84,86,Not detected
1695,car,0.84,59,958,297,1131,425,Not detected,0.09,40,77,85,91,Not detected
1697,car,0.79,59,941,296,1124,428,Not detected,0.14,42,81,91,96,Not detected
1698,car,0.86,59,934,296,1117,430,Not detected,0.18,41,81,92,97,Not detected
1699,car,0.81,59,925,296,1111,432,Not detected,0.16,42,83,94,99,Not detected
1700,car,0.85,59,917,294,1107,436,Not detected,0.07,44,88,94,104,Not detected
1701,car,0.83,59,906,294,1103,439,Not detected,0.28,46,89,99,106,Not detected
1702,car,0.86,59,897,293,1099,442,Not detected,0.10,45,94,100,110,Not detected
1703,car,0.89,59,887,292,1094,446,Not detected,0.05,46,97,101,114,Not detected
1704,car,0.85,59,876,292,1089,450,Not detected,0.27,46,99,104,117,Not detected
1705,car,0.89,59,864,292,1086,454,Not detected,0.11,47,102,105,119,Not detected
1706,car,0.87,59,851,292,1082,458,Not detected,0.05,49,105,109,122,Not detected
1707,car,0.91,59,836,291,1076,462,Not detected,0.01,52,108,113,126,Not detected
1708,car,0.91,59,821,291,1070,468,Not detected,0.07,53,111,117,130,Not detected
1709,car,0.88,59,806,290,1065,474,Not detected,0.24,54,115,121,134,Not detected
1710,car,0.89,59,792,290,1059,479,Not detected,0.48,55,118,121,138,Not detected
1711,car,0.90,59,775,289,1052,483,Not detected,0.07,54,122,124,143,Not detected
1712,car,0.89,59,755,289,1045,491,Not detected,0.14,56,127,129,149,Not detected
1713,car,0.89,59,736,287,1041,498,Not detected,0.21,57,133,133,156,Not detected
1714,car,0.88,59,714,285,1031,505,Not detected,0.04,59,139,139,163,Not detected
1715,car,0.90,59,692,283,1023,514,Not detected,0.11,58,146,139,170,Not detected
1717,car,0.94,59,637,281,1005,531,Not detected,0.19,60,160,152,186,Not detected
1717,car,0.75,62,1129,307,1219,370,Not detected,0.19,26,41,50,48,Not detected
1719,car,0.92,59,572,278,984,551,Not detected,0.60,63,177,162,206,Not detected
1721,car,0.93,59,491,275,959,579,Not detected,0.41,64,196,172,230,Not detected
1722,car,0.93,59,443,273,945,595,Not detected,0.09,66,207,184,243,Not detected
1739,car,0.78,62,1093,302,1199,388,Not detected,0.04,30,57,61,65,Not detected
1743,car,0.83,62,1085,302,1192,389,Not detected,0.00,30,59,62,68,Not detected
1744,car,0.84,62,1078,302,1193,389,Not detected,0.03,36,60,66,68,Not detected
1747,car,0.85,62,1072,302,1187,392,Not detected,0.13,33,61,67,71,Not detected
1748,car,0.84,62,1069,302,1185,393,Not detected,0.58,35,62,67,71,Not detected
1750,car,0.72,62,1064,302,1182,395,Not detected,0.12,34,63,68,72,Not detected
1751,car,0.72,62,1060,302,1178,397,Not detected,0.03,36,64,69,73,Not detected
1752,car,0.77,62,1055,302,1179,398,Not detected,0.03,37,65,71,74,Not detected
1753,car,0.83,62,1051,302,1178,399,Not detected,0.15,39,65,73,75,Not detected
1754,car,0.83,62,1047,302,1179,400,Not detected,0.01,39,66,75,77,Not detected
1755,car,0.85,62,1043,302,1177,402,Not detected,0.02,38,68,76,78,Not detected
1756,car,0.89,62,1042,301,1175,403,Not detected,0.10,37,70,74,79,Not detected
1757,car,0.79,62,1038,300,1175,404,Not detected,0.10,39,71,75,81,Not detected
1758,car,0.79,62,1035,300,1174,406,Not detected,0.24,38,72,75,82,Not detected
1759,car,0.84,62,1028,300,1170,407,Not detected,0.18,40,73,79,84,Not detected
1760,car,0.85,62,1024,299,1168,409,Not detected,0.09,41,75,80,86,Not detected
1761,car,0.80,62,1021,300,1165,410,Not detected,0.24,40,75,80,86,Not detected
1762,car,0.80,62,1017,300,1164,410,Not detected,0.34,41,75,80,86,Not detected
1763,car,0.80,62,1012,300,1164,411,Not detected,0.15,39,76,81,88,Not detected
1764,car,0.85,62,1005,298,1163,412,Not detected,0.04,43,79,85,92,Not detected
1765,car,0.87,62,1000,298,1161,415,Not detected,0.15,43,80,86,93,Not detected
1766,car,0.85,62,994,298,1159,417,Not detected,0.14,43,81,88,94,Not detected
1767,car,0.85,62,991,298,1156,419,Not detected,0.30,40,82,87,96,Not detected
1768,car,0.82,62,988,297,1155,422,Not detected,0.07,39,84,85,97,Not detected
1769,car,0.84,62,981,295,1153,423,Not detected,0.03,41,86,88,100,Not detected
1770,car,0.84,62,973,294,1149,425,Not detected,0.05,47,89,92,103,Not detected
1771,car,0.87,62,968,294,1146,427,Not detected,0.17,43,90,92,105,Not detected
1772,car,0.89,62,961,293,1145,429,Not detected,0.16,45,93,93,107,Not detected
1773,car,0.88,62,954,292,1142,431,Not detected,0.01,46,96,95,111,Not detected
1774,car,0.84,62,949,290,1139,433,Not detected,0.04,44,100,96,115,Not detected
1775,car,0.87,62,942,289,1138,436,Not detected,0.04,44,102,96,118,Not detected
1776,car,0.88,62,933,287,1135,439,Not detected,0.00,47,106,99,122,Not detected
1777,car,0.84,62,926,289,1132,442,Not detected,0.37,47,106,102,122,Not detected
1778,car,0.86,62,917,288,1130,444,Not detected,0.03,48,108,104,125,Not detected
1779,car,0.85,62,908,287,1127,447,Not detected,0.57,49,112,106,129,Not detected
1780,car,0.87,62,898,288,1124,452,Not detected,0.26,49,114,106,130,Not detected
1781,car,0.85,62,887,287,1119,456,Not detected,0.13,52,117,110,134,Not detected
1782,car,0.87,62,877,288,1113,460,Not detected,0.19,53,117,114,137,Not detected
1783,car,0.87,62,868,286,1110,463,Not detected,0.36,51,122,113,141,Not detected
1784,car,0.90,62,856,287,1105,467,Not detected,0.07,52,123,117,143,Not detected
1785,car,0.89,62,843,285,1101,471,Not detected,0.36,55,127,120,147,Not detected
1786,car,0.90,62,830,285,1097,475,Not detected,0.23,56,130,123,150,Not detected
1787,car,0.92,62,816,284,1092,480,Not detected,0.19,54,135,127,154,Not detected
1788,car,0.90,62,802,284,1087,486,Not detected,0.05,59,137,130,158,Not detected
1789,car,0.88,62,788,285,1082,490,Not detected,0.88,58,140,132,161,Not detected
1790,car,0.88,62,772,283,1076,495,Not detected,0.22,58,146,135,168,Not detected
1791,car,0.89,62,755,282,1071,499,Not detected,0.39,61,151,138,174,Not detected
1792,car,0.87,62,736,279,1066,508,Not detected,0.14,62,158,144,182,Not detected
1793,car,0.92,62,716,279,1061,514,1525LTL,0.08,64,163,148,188,1525LTL
1794,car,0.93,62,696,277,1054,520,Not detected,0.02,66,169,151,196,Not detected
1795,car,0.92,62,676,276,1047,529,Not detected,0.52,65,176,153,203,Not detected
1796,car,0.92,62,651,275,1041,535,Not detected,0.08,67,182,159,210,Not detected
1797,car,0.92,62,625,272,1033,541,Not detected,0.10,67,191,164,221,Not detected
1798,car,0.91,62,597,270,1025,551,Not detected,0.67,69,199,169,229,Not detected
1799,car,0.93,62,568,268,1017,561,Not detected,0.17,70,208,173,238,Not detected
1800,car,0.92,62,533,269,1008,570,Not detected,0.47,73,214,180,247,Not detected
1801,car,0.91,62,498,269,998,582,Not detected,0.29,72,222,186,255,Not detected
1802,car,0.92,62,458,266,989,595,Not detected,0.10,72,235,192,268,Not detected
1803,car,0.90,62,416,262,979,610,Not detected,0.27,73,249,196,286,Not detected
1805,car,0.92,62,316,258,952,641,Not detected,0.23,72,276,207,320,Not detected
1808,car,0.93,62,120,247,911,709,Not detected,0.41,55,337,220,393,Not detected
1809,car,0.93,62,33,246,898,739,Not detected,0.61,50,361,225,421,Not detected
1898,car,0.76,69,1023,280,1182,406,Not detected,0.08,41,91,83,104,Not detected
1899,car,0.75,69,1017,278,1182,408,Not detected,0.03,47,94,87,108,Not detected
1900,car,0.69,69,1015,277,1178,408,Not detected,0.05,34,95,85,109,Not detected
1902,car,0.71,69,1002,278,1174,413,Not detected,0.27,30,98,86,111,Not detected
1904,car,0.69,69,989,276,1174,418,Not detected,0.29,42,100,91,116,Not detected
1905,car,0.58,69,981,275,1175,421,Not detected,0.27,43,105,92,119,Not detected
1905,car,0.90,71,1624,324,1919,522,Not detected,0.28,230,123,295,142,Not detected
1906,car,0.85,69,972,273,1173,424,Not detected,0.99,52,109,95,123,Not detected
1907,car,0.81,69,965,271,1171,426,Not detected,0.02,29,112,97,127,Not detected
1907,car,0.90,71,1603,325,1919,514,Not detected,0.12,208,114,274,131,Not detected
1908,car,0.80,69,956,270,1171,429,Not detected,0.25,50,115,99,131,Not detected
1908,car,0.90,71,1591,325,1913,509,Not detected,0.11,202,111,264,127,Not detected
1909,car,0.87,69,947,269,1168,431,Not detected,0.72,51,118,101,134,Not detected
1909,car,0.91,71,1581,326,1900,504,Not detected,0.04,192,107,252,123,Not detected
1910,car,0.78,69,939,268,1160,435,Not detected,0.16,52,120,103,137,Not detected
1910,car,0.91,71,1572,326,1882,500,Not detected,0.81,185,104,242,119,Not detected
1911,car,0.73,69,929,265,1152,439,Not detected,0.17,51,127,105,143,Not detected
1911,car,0.92,71,1563,327,1861,495,Not detected,0.07,176,100,234,115,Not detected
1912,car,0.77,69,920,262,1148,442,Not detected,0.13,54,132,107,148,Not detected
1912,car,0.90,71,1553,327,1840,489,Not detected,0.30,171,97,227,112,Not detected
1913,car,0.67,69,909,260,1146,446,Not detected,0.92,56,135,109,154,Not detected
1913,car,0.89,71,1546,328,1822,487,Not detected,0.74,163,94,218,108,Not detected
1914,car,0.74,69,897,259,1139,450,Not detected,0.95,57,140,113,158,Not detected
1914,car,0.89,71,1538,324,1805,484,Not detected,0.13,155,95,210,109,Not detected
1915,car,0.72,69,885,258,1134,456,Not detected,0.12,57,145,115,162,Not detected
1915,car,0.87,71,1531,325,1788,479,Not detected,0.04,148,91,202,105,Not detected
1916,car,0.75,69,872,258,1131,460,Not detected,0.44,54,148,118,165,Not detected
1916,car,0.88,71,1523,326,1772,476,Not detected,0.37,143,89,195,102,Not detected
1917,car,0.67,69,857,257,1128,465,Not detected,0.60,64,152,123,170,Not detected
1917,car,0.88,71,1516,326,1756,473,Not detected,0.04,138,87,189,99,Not detected
1918,car,0.76,69,843,255,1126,471,Not detected,0.11,64,157,125,175,Not detected
1918,car,0.89,71,1510,328,1741,469,Not detected,0.04,133,82,182,95,Not detected
1919,car,0.69,69,826,253,1117,475,Not detected,0.21,67,162,130,181,Not detected
1919,car,0.85,71,1502,326,1726,466,Not detected,0.12,129,82,177,94,Not detected
1920,car,0.85,69,807,251,1109,482,Not detected,0.24,70,169,135,187,Not detected
1920,car,0.85,71,1495,325,1713,462,Not detected,0.16,125,81,173,93,Not detected
1921,car,0.81,69,792,248,1102,486,Not detected,0.54,65,175,137,194,Not detected
1921,car,0.84,71,1487,324,1702,459,Not detected,0.19,125,80,169,93,Not detected
1922,car,0.92,69,775,248,1098,493,Not detected,0.43,66,180,139,200,Not detected
1922,car,0.87,71,1481,323,1690,457,Not detected,0.18,122,79,163,92,Not detected
1923,car,0.85,69,753,246,1093,501,Not detected,0.24,70,187,143,207,Not detected
1923,car,0.86,71,1476,322,1680,455,Not detected,0.42,114,79,158,91,Not detected
1924,car,0.82,69,731,243,1088,510,Not detected,0.27,71,194,149,216,Not detected
1924,car,0.86,71,1471,320,1668,451,Not detected,0.30,109,81,153,92,Not detected
1925,car,0.83,69,706,241,1079,517,Not detected,0.39,73,203,154,227,Not detected
1925,car,0.86,71,1465,320,1657,447,Not detected,0.05,107,78,150,90,Not detected
1926,car,0.81,69,680,236,1071,529,Not detected,0.29,74,214,158,240,Not detected
1926,car,0.88,71,1462,320,1647,446,Not detected,0.01,102,77,143,88,Not detected
1928,car,0.85,71,1451,320,1628,439,Not detected,0.06,96,74,137,85,Not detected
1929,car,0.85,71,1445,323,1619,435,Not detected,0.07,94,70,135,80,Not detected
1930,car,0.90,71,1441,324,1609,434,Not detected,0.14,91,66,131,77,Not detected
1932,car,0.88,69,451,213,1017,603,Not detected,0.99,88,291,200,325,Not detected
1932,car,0.88,71,1431,323,1593,431,Not detected,0.08,88,63,126,75,Not detected
1933,car,0.87,71,1432,325,1585,430,Not detected,0.02,81,61,118,70,Not detected
1934,car,0.90,69,331,201,992,642,Not detected,0.04,88,328,217,371,Not detected
1934,car,0.87,71,1423,323,1578,428,Not detected,0.18,82,61,120,71,Not detected
1935,car,0.88,71,1418,322,1571,426,Not detected,0.03,81,61,118,71,Not detected
1936,car,0.85,71,1416,322,1564,424,Not detected,0.40,77,59,114,70,Not detected
1937,car,0.85,71,1412,323,1558,422,Not detected,0.08,76,58,112,68,Not detected
1938,car,0.83,71,1408,323,1553,420,Not detected,0.01,76,57,109,67,Not detected
1941,car,0.85,71,1396,322,1534,417,Not detected,0.03,70,55,104,65,Not detected
2080,car,0.89,72,1041,298,1169,398,Not detected,0.06,39,63,71,73,Not detected
2081,car,0.80,72,1037,298,1169,400,Not detected,0.04,41,64,74,74,Not detected
2084,car,0.82,72,1028,296,1165,404,Not detected,0.14,41,69,75,78,Not detected
2087,car,0.87,72,1016,296,1160,407,Not detected,0.11,44,72,78,81,Not detected
2090,car,0.90,72,1004,295,1157,411,Not detected,0.37,44,74,82,85,Not detected
2091,car,0.86,72,1000,295,1156,412,Not detected,0.34,45,75,92,86,Not detected
2092,car,0.88,72,996,295,1154,414,Not detected,0.11,46,75,84,87,Not detected
2093,car,0.86,72,992,294,1152,415,Not detected,0.15,46,77,85,90,Not detected
2094,car,0.85,72,988,294,1148,417,Not detected,0.27,45,78,85,90,Not detected
2095,car,0.85,72,983,292,1146,419,Not detected,0.02,47,81,87,93,Not detected
2096,car,0.85,72,978,292,1143,420,Not detected,0.15,47,81,87,94,Not detected
2097,car,0.83,72,971,292,1139,422,Not detected,0.09,51,82,91,95,Not detected
2098,car,0.84,72,966,292,1139,423,Not detected,0.26,50,83,92,96,Not detected
2099,car,0.83,72,962,290,1135,427,Not detected,0.05,50,86,92,99,Not detected
2100,car,0.79,72,956,290,1135,428,Not detected,0.12,51,87,95,101,Not detected
2101,car,0.73,72,951,288,1135,428,Not detected,0.03,50,90,94,104,Not detected
2102,car,0.74,72,947,288,1132,430,Not detected,0.25,48,91,95,106,Not detected
2103,car,0.79,72,940,287,1131,432,Not detected,0.47,51,94,96,109,Not detected
2104,car,0.77,72,932,287,1130,435,Not detected,0.61,54,95,100,109,Not detected
2105,car,0.84,72,926,287,1130,437,Not detected,0.22,54,97,103,112,Not detected
2106,car,0.85,72,919,287,1131,439,Not detected,0.18,56,99,105,113,Not detected
2107,car,0.84,72,912,286,1135,442,Not detected,0.03,56,101,107,116,Not detected
2108,car,0.87,72,905,286,1130,445,Not detected,0.04,57,102,110,118,Not detected
2109,car,0.84,72,899,285,1122,448,Not detected,0.13,57,105,112,121,Not detected
2109,car,0.84,72,899,285,1122,448,Not detected,0.04,55,104,124,124,Not detected
2110,car,0.87,72,891,285,1117,451,Not detected,0.83,58,107,109,124,Not detected
2111,car,0.86,72,883,285,1114,453,Not detected,0.44,58,108,114,126,Not detected
2112,car,0.86,72,875,285,1110,457,Not detected,0.18,58,110,118,127,Not detected
2113,car,0.82,72,866,284,1107,460,Not detected,0.46,58,113,116,131,Not detected
2114,car,0.87,72,855,283,1104,462,Not detected,0.21,62,116,121,133,Not detected
2115,car,0.90,72,846,283,1100,465,Not detected,0.09,60,117,123,135,Not detected
2116,car,0.89,72,836,284,1096,468,Not detected,0.25,62,118,124,136,Not detected
2117,car,0.90,72,827,284,1093,473,Not detected,0.21,63,120,124,139,Not detected
2118,car,0.87,72,817,283,1089,476,Not detected,0.19,62,123,127,142,Not detected
2119,car,0.86,72,805,283,1085,481,Not detected,0.31,64,125,129,145,Not detected
2120,car,0.87,72,794,282,1080,484,Not detected,0.16,66,130,132,149,Not detected
2121,car,0.88,72,781,281,1076,489,Not detected,0.26,68,132,135,153,Not detected
2122,car,0.89,72,769,280,1073,493,Not detected,0.24,68,136,138,158,Not detected
2123,car,0.90,72,756,278,1069,497,Not detected,0.23,67,140,141,162,Not detected
2124,car,0.88,72,742,277,1064,502,Not detected,0.15,68,145,143,168,Not detected
2125,car,0.87,72,728,276,1061,509,Not detected,0.20,70,149,147,174,Not detected
2126,car,0.90,72,710,275,1057,513,Not detected,0.35,73,153,152,178,Not detected
2127,car,0.92,72,694,273,1052,518,Not detected,0.36,75,160,158,183,Not detected
2128,car,0.93,72,678,271,1047,522,Not detected,0.09,75,165,160,191,Not detected
2129,car,0.89,72,661,269,1043,528,Not detected,0.61,76,171,161,196,Not detected
2130,car,0.90,72,640,269,1037,535,Not detected,0.60,78,175,166,201,Not detected
2131,car,0.89,72,621,268,1030,541,Not detected,0.41,77,179,169,208,Not detected
2132,car,0.82,72,600,266,1023,549,Not detected,0.24,79,185,175,214,Not detected
2133,car,0.93,72,578,265,1017,556,Not detected,0.51,81,191,178,220,Not detected
2134,car,0.90,72,553,264,1010,564,Not detected,0.28,82,196,180,227,Not detected
2135,car,0.90,72,528,263,1004,573,Not detected,0.16,82,202,185,235,Not detected
2136,car,0.91,72,501,263,998,582,Not detected,0.14,82,208,189,245,Not detected
2137,car,0.92,72,472,261,991,590,Not detected,0.10,84,217,193,253,Not detected
2138,car,0.92,72,441,259,983,601,Not detected,0.12,87,226,198,262,Not detected
2139,car,0.91,72,406,257,973,612,Not detected,0.21,87,234,205,271,Not detected
2140,car,0.93,72,370,255,964,624,4770JYG,0.40,87,246,209,283,4770JYG
2141,car,0.92,72,329,253,955,638,Not detected,0.35,89,256,217,299,Not detected
2142,car,0.92,72,286,250,945,653,Not detected,0.62,90,269,225,310,Not detected
2143,car,0.90,72,239,247,935,666,Not detected,0.18,89,281,227,326,Not detected
2144,car,0.91,72,191,245,924,684,Not detected,0.25,85,294,232,344,Not detected
2145,car,0.92,72,136,244,913,704,Not detected,0.05,84,310,234,360,Not detected
2146,car,0.92,72,71,241,900,724,Not detected,0.03,82,329,240,380,Not detected
2147,car,0.92,72,15,237,887,747,Not detected,0.05,65,348,236,410,Not detected
2147,car,0.92,72,15,237,887,747,Not detected,0.01,65,348,236,410,Not detected
2147,car,0.91,80,1614,318,1919,512,Not detected,0.04,255,81,305,99,Not detected
2148,car,0.93,72,0,234,874,774,Not detected,0.03,0,367,175,432,Not detected
2148,car,0.91,80,1606,319,1919,510,Not detected,0.03,245,78,310,94,Not detected
2149,car,0.90,80,1596,319,1919,507,Not detected,0.17,238,74,300,94,Not detected
2150,car,0.89,80,1588,319,1920,505,Not detected,0.11,228,73,289,92,Not detected
2151,car,0.87,80,1581,318,1919,501,Not detected,0.05,219,73,278,90,Not detected
2152,car,0.92,80,1573,317,1907,497,Not detected,0.07,212,72,269,89,Not detected
2153,car,0.90,80,1566,318,1895,494,Not detected,0.03,204,68,261,88,Not detected
2154,car,0.89,80,1558,318,1877,490,Not detected,0.04,196,67,253,85,Not detected
2155,car,0.90,80,1552,319,1860,487,Not detected,0.07,190,65,246,83,Not detected
2156,car,0.90,80,1545,320,1844,485,Not detected,0.15,185,63,239,79,Not detected
2157,car,0.88,80,1539,320,1830,481,Not detected,0.20,180,62,232,78,Not detected
2158,car,0.87,80,1534,320,1815,478,Not detected,0.10,174,61,224,76,Not detected
2159,car,0.88,80,1529,319,1802,476,Not detected,0.73,166,61,217,75,Not detected
2160,car,0.87,80,1525,320,1789,473,Not detected,0.21,159,59,209,73,Not detected
2161,car,0.85,80,1520,319,1776,471,Not detected,0.21,154,59,203,72,Not detected
2162,car,0.86,80,1513,319,1764,468,Not detected,0.34,150,58,200,70,Not detected
2163,car,0.87,80,1508,320,1752,465,Not detected,0.06,147,56,194,68,Not detected
2164,car,0.82,80,1502,318,1740,461,Not detected,0.49,144,56,190,71,Not detected
2164,car,0.82,80,1502,318,1740,461,Not detected,0.16,131,57,190,70,Not detected
2165,car,0.87,80,1498,319,1730,459,Not detected,0.81,138,55,185,69,Not detected
2166,car,0.85,80,1493,317,1720,457,Not detected,0.09,135,56,181,69,Not detected
2167,car,0.85,80,1488,316,1711,454,Not detected,0.07,131,56,178,70,Not detected
2168,car,0.87,80,1483,316,1702,453,Not detected,0.18,128,56,174,68,Not detected
2169,car,0.85,80,1478,316,1693,451,Not detected,0.05,127,54,171,68,Not detected
2170,car,0.83,80,1474,317,1685,449,Not detected,0.16,123,53,167,66,Not detected
2171,car,0.84,80,1473,315,1677,448,Not detected,0.27,117,55,160,67,Not detected
2172,car,0.85,80,1468,316,1668,445,Not detected,0.03,116,52,157,65,Not detected
2173,car,0.83,80,1466,317,1660,443,Not detected,0.71,112,51,152,63,Not detected
2174,car,0.81,80,1468,318,1651,442,Not detected,0.21,102,48,143,60,Not detected
2175,car,0.81,80,1462,316,1645,439,Not detected,0.05,103,49,142,61,Not detected
2176,car,0.90,80,1457,317,1638,437,Not detected,0.04,98,47,141,59,Not detected
2177,car,0.90,80,1453,317,1631,435,Not detected,0.04,100,47,139,57,Not detected
2178,car,0.87,80,1447,318,1626,432,Not detected,0.23,88,44,138,55,Not detected
2179,car,0.89,80,1444,318,1618,430,Not detected,0.05,78,44,136,55,Not detected
2180,car,0.82,80,1451,320,1610,429,Not detected,0.14,85,41,123,51,Not detected
2181,car,0.87,80,1439,319,1604,427,Not detected,0.46,89,41,129,52,Not detected
2182,car,0.91,80,1433,319,1598,426,Not detected,0.02,92,41,130,51,Not detected
2183,car,0.89,80,1429,319,1594,425,Not detected,0.07,88,40,129,51,Not detected
2184,car,0.88,80,1426,319,1588,423,Not detected,0.07,87,40,127,49,Not detected
2184,car,0.88,80,1426,319,1588,423,Not detected,0.08,76,40,126,50,Not detected
2185,car,0.84,80,1428,320,1581,422,Not detected,0.03,82,38,119,49,Not detected
2190,car,0.90,80,1416,317,1560,416,Not detected,0.05,71,39,108,49,Not detected
2191,car,0.87,80,1411,317,1557,414,Not detected,0.10,61,39,109,49,Not detected
2192,car,0.89,80,1410,317,1552,413,Not detected,0.15,58,38,106,48,Not detected
2193,car,0.89,80,1405,317,1548,410,Not detected,0.14,64,37,107,47,Not detected
2194,car,0.90,80,1401,317,1543,410,Not detected,0.06,65,37,107,47,Not detected
2195,car,0.90,80,1397,317,1538,409,Not detected,0.02,61,36,107,46,Not detected
2202,car,0.79,80,1388,317,1509,405,Not detected,0.11,57,33,93,42,Not detected
2329,car,0.87,81,866,301,1060,432,Not detected,0.01,41,85,101,101,Not detected
2330,car,0.89,81,857,300,1056,437,Not detected,0.03,42,87,104,102,Not detected
2332,car,0.88,81,838,299,1047,443,Not detected,0.04,45,93,109,108,Not detected
2335,car,0.91,81,806,299,1034,453,Not detected,0.03,45,98,116,115,Not detected
2337,car,0.87,81,781,298,1024,461,Not detected,0.14,46,104,106,121,Not detected
2338,car,0.89,81,769,297,1019,463,Not detected,0.16,47,106,109,125,Not detected
2339,car,0.90,81,755,295,1012,467,Not detected,0.09,48,111,125,128,Not detected
2340,car,0.91,81,742,296,1007,472,Not detected,0.42,49,112,113,131,Not detected
2341,car,0.91,81,725,296,1000,475,Not detected,0.14,52,115,116,135,Not detected
2342,car,0.91,81,709,296,994,481,Not detected,0.15,52,119,121,138,Not detected
2343,car,0.91,81,693,295,986,486,Not detected,0.41,50,123,121,143,Not detected
2344,car,0.90,81,676,294,979,491,Not detected,0.27,50,127,123,149,Not detected
2345,car,0.90,81,657,294,972,495,Not detected,0.14,51,131,127,154,Not detected
2346,car,0.90,81,637,293,963,503,Not detected,0.34,53,135,130,159,Not detected
2347,car,0.92,81,615,293,954,509,Not detected,0.10,53,141,137,164,Not detected
2348,car,0.92,81,591,293,945,515,Not detected,0.20,53,144,138,169,Not detected
2349,car,0.92,81,567,293,937,521,Not detected,0.17,50,150,145,174,Not detected
2350,car,0.92,81,541,291,927,528,Not detected,0.21,53,158,147,182,Not detected
2351,car,0.92,81,514,290,916,537,Not detected,0.17,51,163,152,189,Not detected
2352,car,0.93,81,482,291,905,544,Not detected,0.06,51,166,156,194,Not detected
2353,car,0.93,81,448,289,892,554,Not detected,0.43,50,176,176,204,Not detected
2354,car,0.92,81,412,288,880,563,Not detected,0.51,52,183,173,213,Not detected
2355,car,0.92,81,371,287,866,576,Not detected,0.14,51,191,169,223,Not detected
2356,car,0.94,81,329,285,851,589,Not detected,0.35,47,200,163,234,Not detected
2358,car,0.94,81,225,284,819,616,Not detected,0.04,47,223,174,260,Not detected
2459,car,0.89,84,1495,334,1911,530,Not detected,0.35,290,80,355,98,Not detected
2461,car,0.90,84,1483,332,1872,521,Not detected,0.46,258,77,323,94,Not detected
2462,car,0.89,84,1479,332,1849,516,Not detected,0.20,244,73,308,90,Not detected
2463,car,0.90,84,1475,331,1826,509,Not detected,0.13,230,72,293,88,Not detected
2464,car,0.89,84,1469,331,1805,506,Not detected,0.24,221,71,282,86,Not detected
2465,car,0.91,84,1465,330,1785,500,Not detected,0.25,210,68,267,84,Not detected
2466,car,0.90,84,1461,330,1768,495,Not detected,0.14,195,66,254,82,Not detected
2468,car,0.90,84,1452,329,1737,488,Not detected,0.17,178,62,235,79,Not detected
2469,car,0.85,84,1450,329,1722,486,Not detected,0.13,164,61,224,75,Not detected
2470,car,0.87,84,1448,330,1708,484,Not detected,0.53,158,58,213,72,Not detected
2471,car,0.85,84,1444,329,1697,479,Not detected,0.12,153,58,206,71,Not detected
2472,car,0.86,84,1442,326,1686,476,Not detected,0.12,129,59,198,74,Not detected
2472,car,0.86,84,1442,326,1686,476,Not detected,0.17,129,59,198,74,Not detected
2473,car,0.84,84,1438,325,1675,474,Not detected,0.10,123,59,192,73,Not detected
2474,car,0.86,84,1436,326,1664,470,Not detected,0.18,130,57,185,70,Not detected
2475,car,0.85,84,1436,326,1655,467,Not detected,0.45,126,56,176,69,Not detected
2476,car,0.88,84,1435,326,1648,465,Not detected,0.08,118,55,169,68,Not detected
2477,car,0.86,84,1435,326,1639,462,Not detected,0.17,112,53,161,66,Not detected
2478,car,0.86,84,1432,326,1631,460,Not detected,0.07,105,52,157,65,Not detected
2479,car,0.85,84,1432,325,1626,458,Not detected,0.06,103,52,150,66,Not detected
2480,car,0.84,84,1431,326,1619,454,Not detected,0.17,95,51,145,64,Not detected
2481,car,0.86,84,1432,326,1614,452,Not detected,0.07,86,50,139,62,Not detected
2482,car,0.86,84,1429,324,1609,448,Not detected,0.26,90,51,137,64,Not detected
2483,car,0.87,84,1429,324,1601,446,Not detected,0.43,83,51,132,63,Not detected
2484,car,0.86,84,1429,325,1597,444,Not detected,0.06,83,49,128,62,Not detected
2485,car,0.88,84,1428,325,1593,443,Not detected,0.14,78,48,124,60,Not detected
2486,car,0.87,84,1428,325,1588,440,Not detected,0.46,74,48,120,60,Not detected
2487,car,0.91,84,1427,325,1584,439,Not detected,0.08,74,47,118,58,Not detected
2488,car,0.91,84,1427,325,1581,438,Not detected,0.07,70,46,114,57,Not detected
2489,car,0.91,84,1426,327,1578,436,Not detected,0.04,70,43,112,55,Not detected
2490,car,0.91,84,1424,327,1574,435,Not detected,0.07,68,42,117,53,Not detected
2492,car,0.87,84,1421,324,1565,430,Not detected,0.12,68,43,106,54,Not detected
2494,car,0.88,84,1418,325,1560,427,Not detected,0.07,65,41,104,52,Not detected
2495,car,0.87,84,1417,326,1558,427,Not detected,0.11,64,39,103,50,Not detected
2502,car,0.88,86,1620,323,1919,508,Not detected,0.14,252,76,299,98,Not detected
2503,car,0.90,86,1611,322,1919,506,Not detected,0.13,242,74,308,98,Not detected
2504,car,0.89,84,1407,322,1535,414,Not detected,0.58,58,39,96,49,Not detected
2504,car,0.90,86,1600,323,1919,505,Not detected,0.41,234,73,310,94,Not detected
2505,car,0.88,86,1591,323,1919,503,Not detected,0.30,225,70,300,92,Not detected
2508,car,0.91,86,1567,323,1884,491,Not detected,0.03,202,66,274,86,Not detected
2509,car,0.89,86,1561,323,1868,489,Not detected,0.14,194,63,265,85,Not detected
2510,car,0.89,86,1553,324,1851,487,Not detected,0.05,187,61,257,80,Not detected
2511,car,0.89,86,1545,325,1834,483,Not detected,0.02,171,59,251,78,Not detected
2512,car,0.85,86,1539,325,1818,479,Not detected,0.02,174,58,242,77,Not detected
2513,car,0.80,84,1394,323,1509,406,Not detected,0.13,56,33,86,43,Not detected
2513,car,0.82,86,1534,324,1805,477,Not detected,0.24,151,58,236,76,Not detected
2513,car,0.82,86,1534,324,1805,477,Not detected,0.03,151,58,236,76,Not detected
2514,car,0.76,86,1529,322,1792,475,Not detected,0.10,157,58,227,77,Not detected
2515,car,0.86,86,1523,322,1782,473,Not detected,0.03,158,57,223,75,Not detected
2517,car,0.84,86,1511,324,1754,467,Not detected,0.01,144,52,209,69,Not detected
2518,car,0.79,86,1503,325,1743,463,Not detected,0.03,138,50,207,67,Not detected
2519,car,0.78,86,1501,324,1731,460,Not detected,0.30,139,51,200,68,Not detected
2520,car,0.82,86,1497,322,1720,457,Not detected,0.02,136,53,193,68,Not detected
2521,car,0.86,86,1493,323,1713,455,Not detected,0.15,124,52,189,67,Not detected
2522,car,0.83,86,1486,320,1703,454,Not detected,0.03,117,54,187,69,Not detected
2523,car,0.81,86,1482,320,1695,452,Not detected,0.14,121,53,183,68,Not detected
2524,car,0.80,86,1478,320,1684,450,Not detected,0.01,120,53,177,68,Not detected
2525,car,0.75,86,1476,321,1677,449,Not detected,0.05,114,50,173,65,Not detected
2526,car,0.77,86,1472,321,1670,448,Not detected,0.08,110,50,169,63,Not detected
2527,car,0.81,86,1468,319,1659,444,Not detected,0.04,108,51,165,66,Not detected
2529,car,0.83,86,1477,323,1646,441,Not detected,0.03,86,45,143,58,Not detected
2533,car,0.86,86,1454,322,1621,432,Not detected,0.26,79,42,140,54,Not detected
2539,car,0.90,86,1429,322,1588,425,Not detected,0.10,78,38,130,50,Not detected
2541,car,0.88,86,1427,321,1577,423,Not detected,0.03,75,38,123,49,Not detected
2561,car,0.86,83,1228,318,1335,400,Not detected,0.10,38,63,69,70,Not detected
2565,car,0.89,83,1229,318,1340,402,Not detected,0.29,38,65,70,74,Not detected
2566,car,0.87,83,1228,318,1341,403,Not detected,0.37,37,66,71,75,Not detected
2567,car,0.86,83,1228,318,1341,404,Not detected,0.06,38,67,71,76,Not detected
2568,car,0.85,83,1228,318,1341,405,Not detected,0.09,38,68,72,76,Not detected
2571,car,0.87,83,1227,319,1344,409,Not detected,0.05,38,69,73,77,Not detected
2572,car,0.87,83,1226,319,1346,410,Not detected,0.04,40,70,76,79,Not detected
2574,car,0.87,83,1224,319,1349,412,Not detected,0.02,42,71,79,81,Not detected
2575,car,0.85,83,1224,320,1349,413,Not detected,0.06,42,71,79,80,Not detected
2576,car,0.86,83,1223,319,1350,414,Not detected,0.04,42,73,80,82,Not detected
2577,car,0.85,83,1222,319,1351,415,Not detected,0.01,45,74,82,83,Not detected
2578,car,0.82,83,1222,318,1351,416,Not detected,0.17,45,76,82,86,Not detected
2579,car,0.87,83,1221,318,1352,418,Not detected,0.13,45,77,84,86,Not detected
2580,car,0.85,83,1220,317,1354,419,Not detected,0.05,46,79,85,89,Not detected
2581,car,0.87,83,1219,317,1356,420,Not detected,0.22,47,80,87,90,Not detected
2582,car,0.86,83,1217,317,1356,422,Not detected,0.02,47,81,89,91,Not detected
2583,car,0.84,83,1217,317,1358,423,Not detected,0.15,48,81,90,92,Not detected
2584,car,0.86,83,1216,316,1358,424,Not detected,0.22,47,84,91,95,Not detected
2585,car,0.87,83,1215,316,1359,426,Not detected,0.98,48,85,93,96,Not detected
2586,car,0.91,83,1215,316,1361,427,Not detected,0.08,50,86,94,98,Not detected
2587,car,0.90,83,1215,316,1362,428,Not detected,0.14,50,88,95,99,Not detected
2588,car,0.92,83,1214,317,1364,429,Not detected,0.38,51,88,97,100,Not detected
2589,car,0.91,83,1214,316,1365,430,Not detected,0.21,51,90,97,102,Not detected
2590,car,0.92,83,1214,316,1367,431,Not detected,0.04,53,91,99,104,Not detected
2591,car,0.93,83,1213,316,1367,433,Not detected,0.13,52,93,100,104,Not detected
2592,car,0.92,83,1212,316,1368,434,Not detected,0.13,52,94,101,106,Not detected
2593,car,0.93,83,1212,316,1369,435,Not detected,0.08,53,96,102,109,Not detected
2594,car,0.89,83,1213,316,1372,436,Not detected,0.22,54,97,103,110,Not detected
2595,car,0.85,83,1212,316,1375,437,Not detected,0.20,56,98,105,112,Not detected
2596,car,0.82,83,1211,316,1376,440,Not detected,0.02,57,100,106,114,Not detected
2597,car,0.83,83,1209,316,1379,444,Not detected,0.19,58,101,110,115,Not detected
2598,car,0.84,83,1209,316,1380,447,Not detected,0.19,60,103,111,115,Not detected
2599,car,0.85,83,1208,316,1382,449,Not detected,0.19,61,105,113,119,Not detected
2600,car,0.83,83,1208,316,1385,450,Not detected,0.19,61,107,115,120,Not detected
2601,car,0.84,83,1208,316,1387,451,Not detected,0.14,62,108,116,122,Not detected
2602,car,0.85,83,1206,316,1390,453,Not detected,0.41,62,110,119,125,Not detected
2603,car,0.85,83,1205,316,1394,455,Not detected,0.32,65,112,123,126,Not detected
2604,car,0.86,83,1204,316,1396,458,Not detected,0.20,67,114,125,129,Not detected
2605,car,0.85,83,1205,316,1398,462,Not detected,0.22,66,117,126,131,Not detected
2606,car,0.85,83,1205,316,1401,465,Not detected,0.11,69,119,129,133,Not detected
2607,car,0.85,83,1204,316,1406,469,Not detected,0.16,73,121,133,137,Not detected
2608,car,0.85,83,1205,316,1409,472,Not detected,0.19,73,124,134,140,Not detected
2609,car,0.85,83,1204,316,1414,474,Not detected,0.07,80,127,137,144,Not detected
2610,car,0.87,83,1204,316,1418,477,Not detected,0.10,82,129,142,147,Not detected
2611,car,0.86,83,1203,316,1423,481,Not detected,0.09,81,132,147,150,Not detected
2612,car,0.86,83,1203,315,1428,486,Not detected,0.13,84,137,152,154,Not detected
2613,car,0.87,83,1206,314,1434,491,Not detected,0.07,84,140,153,160,Not detected
2614,car,0.88,83,1207,315,1439,492,Not detected,0.32,89,143,156,162,Not detected
2615,car,0.86,83,1208,315,1446,496,Not detected,0.09,91,146,161,165,Not detected
2616,car,0.84,83,1208,315,1454,501,Not detected,0.24,95,150,167,170,Not detected
2617,car,0.86,83,1210,316,1462,505,Not detected,0.95,99,153,171,174,Not detected
2618,car,0.87,83,1209,316,1471,513,Not detected,0.14,104,158,182,177,Not detected
2619,car,0.87,83,1208,316,1480,521,Not detected,0.46,111,162,190,182,Not detected
2620,car,0.87,83,1209,317,1490,527,Not detected,0.34,121,166,199,187,Not detected
2621,car,0.87,83,1209,317,1501,532,Not detected,0.44,126,171,207,192,Not detected
2622,car,0.86,83,1210,317,1512,538,Not detected,0.44,134,176,218,198,Not detected
2622,car,0.81,90,1576,320,1918,514,Not detected,0.54,256,90,318,103,Not detected
2623,car,0.88,83,1211,316,1523,543,Not detected,0.31,138,183,230,206,Not detected
2623,car,0.87,90,1568,319,1918,511,Not detected,0.07,250,87,307,101,Not detected
2624,car,0.88,83,1212,319,1538,550,Not detected,0.23,150,186,238,210,Not detected
2624,car,0.87,90,1561,320,1917,506,Not detected,0.09,238,84,296,97,Not detected
2625,car,0.91,83,1214,318,1550,553,Not detected,0.11,158,195,252,218,Not detected
2625,car,0.91,83,1214,318,1550,553,Not detected,0.24,158,195,252,218,Not detected
2625,car,0.87,90,1558,320,1906,502,Not detected,0.08,224,81,281,95,Not detected
2626,car,0.90,83,1216,317,1568,559,Not detected,0.60,169,201,265,227,Not detected
2626,car,0.90,83,1216,317,1568,559,Not detected,0.24,169,201,265,227,Not detected
2626,car,0.89,90,1554,321,1893,499,Not detected,0.43,214,79,269,93,Not detected
2627,car,0.89,83,1219,317,1587,568,Not detected,0.29,179,209,280,237,Not detected
2627,car,0.88,90,1553,321,1875,496,Not detected,0.17,201,77,256,91,Not detected
2628,car,0.88,83,1224,316,1604,575,Not detected,0.14,191,217,293,246,Not detected
2629,car,0.89,83,1226,317,1626,585,Not detected,0.30,201,226,311,255,Not detected
2629,car,0.86,90,1548,319,1846,489,Not detected,0.07,179,76,233,88,Not detected
2630,car,0.90,83,1229,318,1649,596,Not detected,0.08,220,234,331,262,Not detected
2630,car,0.82,90,1552,319,1828,486,Not detected,0.49,163,74,214,87,Not detected
2631,car,0.90,83,1232,319,1675,606,Not detected,0.34,233,242,351,271,Not detected
2631,car,0.84,90,1555,317,1815,482,Not detected,0.05,149,77,198,87,Not detected
2632,car,0.91,83,1237,319,1702,615,Not detected,0.23,254,254,373,283,Not detected
2632,car,0.85,90,1560,317,1797,478,Not detected,0.09,149,75,182,85,Not detected
2633,car,0.91,83,1241,318,1729,624,Not detected,0.62,271,266,398,297,Not detected
2633,car,0.91,83,1241,318,1729,624,Not detected,0.06,438,70,488,84,Not detected
2634,car,0.90,83,1246,320,1764,635,Not detected,0.23,297,276,428,308,Not detected
2634,car,0.90,83,1246,320,1764,635,Not detected,0.07,423,67,473,79,Not detected
2635,car,0.92,83,1253,321,1800,650,1965KER,0.29,320,289,457,323,1965KER
2635,car,0.92,83,1253,321,1800,650,Not detected,0.06,422,67,455,77,Not detected
2636,car,0.93,83,1260,323,1842,666,Not detected,0.06,348,303,491,338,Not detected
2637,car,0.92,83,1266,321,1889,683,Not detected,0.23,379,322,529,359,Not detected
2638,car,0.90,83,1274,320,1915,703,Not detected,0.09,419,341,572,378,Not detected
2640,car,0.91,83,1295,318,1920,744,Not detected,0.08,502,388,625,426,Not detected
2650,car,0.92,83,1494,343,1920,909,Not detected,0.07,53,29,91,38,Not detected
2657,car,0.90,92,1421,320,1586,428,Not detected,0.43,99,47,124,54,Not detected
2685,car,0.89,93,1593,323,1919,503,Not detected,0.25,244,77,297,94,Not detected
2696,car,0.85,93,1518,322,1781,471,Not detected,0.05,157,61,217,80,Not detected
2697,car,0.82,93,1512,323,1772,468,Not detected,0.05,166,59,211,77,Not detected
